<annotations><filename>left0577.jpg</filename><folder>images</folder><size><width>800</width><height>600</height><depth>3</depth></size><object><name /><pose>Unspecified</pose><truncated>0</truncated><difficult>0</difficult><bndbox><xmin>85.62475135042283</xmin><ymin>300.0688830807229</ymin><xmax>141.43374106989484</xmax><ymax>423.5367165011987</ymax></bndbox></object><object><name /><pose>Unspecified</pose><truncated>0</truncated><difficult>0</difficult><bndbox><xmin>328.54675797182335</xmin><ymin>311.5364837080116</ymin><xmax>380.15096079462273</xmax><ymax>429.8438968462075</ymax></bndbox></object><object><name /><pose>Unspecified</pose><truncated>0</truncated><difficult>0</difficult><bndbox><xmin>559.618910611692</xmin><ymin>323.95971772090786</ymin><xmax>611.796493465856</xmax><ymax>440.3558640878889</ymax></bndbox></object></annotations>