<annotations><filename>left0011.jpg</filename><folder>images</folder><size><width>800</width><height>600</height><depth>3</depth></size><object><name /><pose>Unspecified</pose><truncated>0</truncated><difficult>0</difficult><bndbox><xmin>130.24</xmin><ymin>288.32000000000005</ymin><xmax>178.24</xmax><ymax>408.6400000000001</ymax></bndbox></object><object><name /><pose>Unspecified</pose><truncated>0</truncated><difficult>0</difficult><bndbox><xmin>377.6000000000001</xmin><ymin>294.72</ymin><xmax>424.64000000000004</xmax><ymax>410.24</ymax></bndbox></object><object><name /><pose>Unspecified</pose><truncated>0</truncated><difficult>0</difficult><bndbox><xmin>625.6</xmin><ymin>299.5199999999999</ymin><xmax>673.92</xmax><ymax>418.56</ymax></bndbox></object></annotations>