<annotations><filename>left0555.jpg</filename><folder>images</folder><size><width>800</width><height>600</height><depth>3</depth></size><object><name>name</name><pose>Unspecified</pose><truncated>0</truncated><difficult>0</difficult><bndbox><xmin>130.92177382821347</xmin><ymin>338.86759853638324</ymin><xmax>176.02766962888262</xmax><ymax>440.1647374107674</ymax></bndbox></object><object><name>name</name><pose>Unspecified</pose><truncated>0</truncated><difficult>0</difficult><bndbox><xmin>337.1474584422899</xmin><ymin>348.23280571533576</ymin><xmax>378.62194737765094</xmax><ymax>448.0009311727481</ymax></bndbox></object><object><name>name</name><pose>Unspecified</pose><truncated>0</truncated><difficult>0</difficult><bndbox><xmin>531.1410357205916</xmin><ymin>359.70040634262443</ymin><xmax>573.1889046873171</xmax><ymax>455.83712493472865</ymax></bndbox></object></annotations>