<annotations><filename>left0593.jpg</filename><folder>images</folder><size><width>800</width><height>600</height><depth>3</depth></size><object><name /><pose>Unspecified</pose><truncated>0</truncated><difficult>0</difficult><bndbox><xmin>60.822695035461024</xmin><ymin>250.09929078014193</ymin><xmax>112.56737588652486</xmax><ymax>385.81560283687963</ymax></bndbox></object><object><name /><pose>Unspecified</pose><truncated>0</truncated><difficult>0</difficult><bndbox><xmin>323.631205673759</xmin><ymin>264.1702127659576</ymin><xmax>379.2340425531916</xmax><ymax>399.8865248226952</ymax></bndbox></object><object><name /><pose>Unspecified</pose><truncated>0</truncated><difficult>0</difficult><bndbox><xmin>579.858156028369</xmin><ymin>277.3333333333334</ymin><xmax>632.0567375886528</xmax><ymax>405.56028368794347</ymax></bndbox></object></annotations>