<annotations><filename>left0462.jpg</filename><folder>images</folder><size><width>800</width><height>600</height><depth>3</depth></size><object><name /><pose>Unspecified</pose><truncated>0</truncated><difficult>0</difficult><bndbox><xmin>373.46152709537097</xmin><ymin>568.4107377592801</ymin><xmax>384.5468743684168</xmax><ymax>591.7281923681006</ymax></bndbox></object><object><name /><pose>Unspecified</pose><truncated>0</truncated><difficult>0</difficult><bndbox><xmin>423.15446314695566</xmin><ymin>570.7042578847379</ymin><xmax>437.2978372539452</xmax><ymax>596.1241059418949</ymax></bndbox></object><object><name /><pose>Unspecified</pose><truncated>0</truncated><difficult>0</difficult><bndbox><xmin>472.6562725214188</xmin><ymin>572.4243979788312</ymin><xmax>486.22626659704395</xmax><ymax>594.5950925249228</ymax></bndbox></object></annotations>