<annotations><filename>left0470.jpg</filename><folder>images</folder><size><width>800</width><height>600</height><depth>3</depth></size><object><name /><pose>Unspecified</pose><truncated>0</truncated><difficult>0</difficult><bndbox><xmin>251.3315804147456</xmin><ymin>560.5745439972995</ymin><xmax>264.51932113612764</xmax><ymax>586.3766454086992</ymax></bndbox></object><object><name /><pose>Unspecified</pose><truncated>0</truncated><difficult>0</difficult><bndbox><xmin>305.61155671724566</xmin><ymin>562.8680641227571</ymin><xmax>318.03479073014194</xmax><ymax>585.9943920544562</ymax></bndbox></object><object><name /><pose>Unspecified</pose><truncated>0</truncated><difficult>0</difficult><bndbox><xmin>359.70040634262443</xmin><ymin>564.779330893972</ymin><xmax>372.69702038688513</xmax><ymax>588.6701655341569</ymax></bndbox></object></annotations>