<annotations><filename>left0016.jpg</filename><folder>images</folder><size><width>800</width><height>600</height><depth>3</depth></size><object><name /><pose>Unspecified</pose><truncated>0</truncated><difficult>0</difficult><bndbox><xmin>122.88</xmin><ymin>277.75999999999993</ymin><xmax>172.8</xmax><ymax>402.56</ymax></bndbox></object><object><name /><pose>Unspecified</pose><truncated>0</truncated><difficult>0</difficult><bndbox><xmin>375.37588652482265</xmin><ymin>283.0070921985815</ymin><xmax>428.02836879432624</xmax><ymax>407.3758865248227</ymax></bndbox></object><object><name /><pose>Unspecified</pose><truncated>0</truncated><difficult>0</difficult><bndbox><xmin>631.6028368794326</xmin><ymin>287.7730496453901</ymin><xmax>684.9361702127659</xmax><ymax>412.14184397163126</ymax></bndbox></object></annotations>