<annotations><filename>left0026.jpg</filename><folder>images</folder><size><width>800</width><height>600</height><depth>3</depth></size><object><name /><pose>Unspecified</pose><truncated>0</truncated><difficult>0</difficult><bndbox><xmin>77.12000000000002</xmin><ymin>206.72000000000008</ymin><xmax>137.60000000000002</xmax><ymax>355.8400000000001</ymax></bndbox></object><object><name /><pose>Unspecified</pose><truncated>0</truncated><difficult>0</difficult><bndbox><xmin>378.24</xmin><ymin>210.56</ymin><xmax>442.24</xmax><ymax>360.32</ymax></bndbox></object><object><name /><pose>Unspecified</pose><truncated>0</truncated><difficult>0</difficult><bndbox><xmin>682.88</xmin><ymin>214.71999999999997</ymin><xmax>748.16</xmax><ymax>364.8</ymax></bndbox></object></annotations>