<annotations><filename>left0432.jpg</filename><folder>images</folder><size><width>800</width><height>600</height><depth>3</depth></size><object><name /><pose>Unspecified</pose><truncated>0</truncated><difficult>0</difficult><bndbox><xmin>328.16450461758035</xmin><ymin>587.3322787943066</ymin><xmax>336.000698379561</xmax><ymax>598.7998794215953</ymax></bndbox></object><object><name /><pose>Unspecified</pose><truncated>0</truncated><difficult>0</difficult><bndbox><xmin>365.4342066562688</xmin><ymin>588.4790388570354</ymin><xmax>373.2704004182495</xmax><ymax>600.1377661614456</ymax></bndbox></object><object><name /><pose>Unspecified</pose><truncated>0</truncated><difficult>0</difficult><bndbox><xmin>401.93940198647147</xmin><ymin>588.670165534157</ymin><xmax>410.54010245693803</xmax><ymax>599.37325945296</ymax></bndbox></object></annotations>