<annotations><filename>left0560.jpg</filename><folder>images</folder><size><width>800</width><height>600</height><depth>3</depth></size><object><name>name</name><pose>Unspecified</pose><truncated>0</truncated><difficult>0</difficult><bndbox><xmin>113.72037288728032</xmin><ymin>324.5330977522723</ymin><xmax>153.85697508279102</xmax><ymax>433.85755706575856</ymax></bndbox></object><object><name>name</name><pose>Unspecified</pose><truncated>0</truncated><difficult>0</difficult><bndbox><xmin>329.5023913574307</xmin><ymin>334.85393831683217</ymin><xmax>379.38645408613684</xmax><ymax>446.8541711100192</ymax></bndbox></object><object><name>name</name><pose>Unspecified</pose><truncated>0</truncated><difficult>0</difficult><bndbox><xmin>547.0045499216744</xmin><ymin>343.4546387872987</ymin><xmax>590.1991789511287</xmax><ymax>448.95656455835547</ymax></bndbox></object></annotations>