<annotations><filename>left0540.jpg</filename><folder>images</folder><size><width>800</width><height>600</height><depth>3</depth></size><object><name>name</name><pose>Unspecified</pose><truncated>0</truncated><difficult>0</difficult><bndbox><xmin>132.4507872451853</xmin><ymin>424.492349886806</ymin><xmax>168.19147586690198</xmax><ymax>498.6495006099401</ymax></bndbox></object><object><name>name</name><pose>Unspecified</pose><truncated>0</truncated><difficult>0</difficult><bndbox><xmin>281.7207220770608</xmin><ymin>426.7858700122638</ymin><xmax>314.21225718771234</xmax><ymax>501.13414741251927</ymax></bndbox></object><object><name>name</name><pose>Unspecified</pose><truncated>0</truncated><difficult>0</difficult><bndbox><xmin>428.12375675211416</xmin><ymin>434.62206377424445</ymin><xmax>459.27740512291535</xmax><ymax>505.5300609863134</ymax></bndbox></object></annotations>