<annotations><filename>left0614.jpg</filename><folder>images</folder><size><width>800</width><height>600</height><depth>3</depth></size><object><name /><pose>Unspecified</pose><truncated>0</truncated><difficult>0</difficult><bndbox><xmin>30.41134751773051</xmin><ymin>211.5177304964539</ymin><xmax>88.51063829787239</xmax><ymax>355.8581560283689</ymax></bndbox></object><object><name /><pose>Unspecified</pose><truncated>0</truncated><difficult>0</difficult><bndbox><xmin>319.31914893617034</xmin><ymin>224.22695035460998</ymin><xmax>378.09929078014204</xmax><ymax>370.6099290780143</ymax></bndbox></object><object><name /><pose>Unspecified</pose><truncated>0</truncated><difficult>0</difficult><bndbox><xmin>602.3262411347519</xmin><ymin>241.02127659574472</ymin><xmax>658.8368794326243</xmax><ymax>378.099290780142</ymax></bndbox></object></annotations>