<annotations><filename>left0589.jpg</filename><folder>images</folder><size><width>800</width><height>600</height><depth>3</depth></size><object><name /><pose>Unspecified</pose><truncated>0</truncated><difficult>0</difficult><bndbox><xmin>72.62813730616222</xmin><ymin>270.25312144977204</ymin><xmax>115.63163965849509</xmax><ymax>392.5741948075189</ymax></bndbox></object><object><name /><pose>Unspecified</pose><truncated>0</truncated><difficult>0</difficult><bndbox><xmin>326.444364523487</xmin><ymin>286.6900156822192</ymin><xmax>373.6526537724925</xmax><ymax>400.79264192374256</ymax></bndbox></object><object><name /><pose>Unspecified</pose><truncated>0</truncated><difficult>0</difficult><bndbox><xmin>577.0114382297467</xmin><ymin>290.70367590177034</ymin><xmax>617.7214204566218</xmax><ymax>410.922355811181</ymax></bndbox></object></annotations>