<annotations><filename>left0575.jpg</filename><folder>images</folder><size><width>800</width><height>600</height><depth>3</depth></size><object><name /><pose>Unspecified</pose><truncated>0</truncated><difficult>0</difficult><bndbox><xmin>89.44728489285242</xmin><ymin>302.1712765290591</ymin><xmax>136.08219411049342</xmax><ymax>419.33192960452607</ymax></bndbox></object><object><name /><pose>Unspecified</pose><truncated>0</truncated><difficult>0</difficult><bndbox><xmin>329.31126468030914</xmin><ymin>314.5945105419553</ymin><xmax>382.8267342743235</xmax><ymax>428.1237567521141</ymax></bndbox></object><object><name /><pose>Unspecified</pose><truncated>0</truncated><difficult>0</difficult><bndbox><xmin>561.147924028664</xmin><ymin>325.10647778363665</ymin><xmax>606.8271998606974</xmax><ymax>440.92924411925327</ymax></bndbox></object></annotations>