<annotations><filename>left0537.jpg</filename><folder>images</folder><size><width>800</width><height>600</height><depth>3</depth></size><object><name>name</name><pose>Unspecified</pose><truncated>0</truncated><difficult>0</difficult><bndbox><xmin>65.74757692978895</xmin><ymin>431.56403694030075</ymin><xmax>83.71348457920803</xmax><ymax>500.9430207353978</ymax></bndbox></object><object><name>name</name><pose>Unspecified</pose><truncated>0</truncated><difficult>0</difficult><bndbox><xmin>193.61132392405875</xmin><ymin>437.68009060818815</ymin><xmax>225.14722564910284</xmax><ymax>504.7655542778274</ymax></bndbox></object><object><name>name</name><pose>Unspecified</pose><truncated>0</truncated><difficult>0</difficult><bndbox><xmin>331.7959114828884</xmin><ymin>442.4582575362251</ymin><xmax>361.80279979096076</xmax><ymax>511.26386129995774</ymax></bndbox></object></annotations>