<annotations><filename>left0619.jpg</filename><folder>images</folder><size><width>800</width><height>600</height><depth>3</depth></size><object><name /><pose>Unspecified</pose><truncated>0</truncated><difficult>0</difficult><bndbox><xmin>25.41843971631206</xmin><ymin>207.43262411347524</ymin><xmax>86.24113475177307</xmax><ymax>351.77304964539024</ymax></bndbox></object><object><name /><pose>Unspecified</pose><truncated>0</truncated><difficult>0</difficult><bndbox><xmin>322.26950354609943</xmin><ymin>222.18439716312065</ymin><xmax>386.9503546099292</xmax><ymax>369.7021276595746</ymax></bndbox></object><object><name /><pose>Unspecified</pose><truncated>0</truncated><difficult>0</difficult><bndbox><xmin>603.2340425531917</xmin><ymin>238.9787234042554</ymin><xmax>675.8581560283691</xmax><ymax>384.45390070922</ymax></bndbox></object></annotations>