<annotations><filename>left0501.jpg</filename><folder>images</folder><size><width>800</width><height>600</height><depth>3</depth></size><object><name /><pose>Unspecified</pose><truncated>0</truncated><difficult>0</difficult><bndbox><xmin>80.84658442238583</xmin><ymin>514.1307614567799</ymin><xmax>101.87051890574858</xmax><ymax>553.3117302666832</ymax></bndbox></object><object><name /><pose>Unspecified</pose><truncated>0</truncated><difficult>0</difficult><bndbox><xmin>167.42696915841606</xmin><ymin>519.1000550619383</ymin><xmax>184.81949677647066</xmax><ymax>557.8987705175987</ymax></bndbox></object><object><name /><pose>Unspecified</pose><truncated>0</truncated><difficult>0</difficult><bndbox><xmin>249.9936936748952</xmin><ymin>519.6734350933028</ymin><xmax>266.6217145844639</xmax><ymax>559.4277839345706</ymax></bndbox></object></annotations>