<annotations><filename>left0013.jpg</filename><folder>images</folder><size><width>800</width><height>600</height><depth>3</depth></size><object><name /><pose>Unspecified</pose><truncated>0</truncated><difficult>0</difficult><bndbox><xmin>126.72</xmin><ymin>285.44</ymin><xmax>174.08</xmax><ymax>407.36000000000007</ymax></bndbox></object><object><name /><pose>Unspecified</pose><truncated>0</truncated><difficult>0</difficult><bndbox><xmin>376.32000000000005</xmin><ymin>291.20000000000005</ymin><xmax>426.88</xmax><ymax>413.44000000000005</ymax></bndbox></object><object><name /><pose>Unspecified</pose><truncated>0</truncated><difficult>0</difficult><bndbox><xmin>625.92</xmin><ymin>294.72</ymin><xmax>680.32</xmax><ymax>418.88</ymax></bndbox></object></annotations>