<annotations><filename>left0545.jpg</filename><folder>images</folder><size><width>800</width><height>600</height><depth>3</depth></size><object><name>name</name><pose>Unspecified</pose><truncated>0</truncated><difficult>0</difficult><bndbox><xmin>176.6010496602471</xmin><ymin>407.6732023001158</ymin><xmax>210.23934483362746</xmax><ymax>490.62218017083796</ymax></bndbox></object><object><name>name</name><pose>Unspecified</pose><truncated>0</truncated><difficult>0</difficult><bndbox><xmin>334.2805582854677</xmin><ymin>414.7448893536106</ymin><xmax>368.68336016733394</xmax><ymax>492.5334469420527</ymax></bndbox></object><object><name>name</name><pose>Unspecified</pose><truncated>0</truncated><difficult>0</difficult><bndbox><xmin>491.7689402335668</xmin><ymin>422.38995643846977</ymin><xmax>525.5983620840686</xmax><ymax>500.56076738115485</ymax></bndbox></object></annotations>