<annotations><filename>left0473.jpg</filename><folder>images</folder><size><width>800</width><height>600</height><depth>3</depth></size><object><name /><pose>Unspecified</pose><truncated>0</truncated><difficult>0</difficult><bndbox><xmin>243.11313329852197</xmin><ymin>559.6189106116921</ymin><xmax>252.6694671545959</xmax><ymax>583.509745251877</ymax></bndbox></object><object><name /><pose>Unspecified</pose><truncated>0</truncated><difficult>0</difficult><bndbox><xmin>298.539869663751</xmin><ymin>561.9124307371497</ymin><xmax>310.5808503224042</xmax><ymax>587.1411521171852</ymax></bndbox></object><object><name /><pose>Unspecified</pose><truncated>0</truncated><difficult>0</difficult><bndbox><xmin>353.7754793518585</xmin><ymin>564.2059508626077</ymin><xmax>366.9632200732407</xmax><ymax>590.0080522740074</ymax></bndbox></object></annotations>