<annotations><filename>left0611.jpg</filename><folder>images</folder><size><width>800</width><height>600</height><depth>3</depth></size><object><name /><pose>Unspecified</pose><truncated>0</truncated><difficult>0</difficult><bndbox><xmin>34.95035460992909</xmin><ymin>213.10638297872345</ymin><xmax>88.7375886524823</xmax><ymax>360.17021276595756</ymax></bndbox></object><object><name /><pose>Unspecified</pose><truncated>0</truncated><difficult>0</difficult><bndbox><xmin>320.6808510638299</xmin><ymin>230.80851063829797</ymin><xmax>383.0921985815604</xmax><ymax>376.7375886524824</ymax></bndbox></object><object><name /><pose>Unspecified</pose><truncated>0</truncated><difficult>0</difficult><bndbox><xmin>594.3829787234044</xmin><ymin>246.01418439716323</ymin><xmax>657.7021276595747</xmax><ymax>382.63829787234056</ymax></bndbox></object></annotations>