<annotations><filename>left0025.jpg</filename><folder>images</folder><size><width>800</width><height>600</height><depth>3</depth></size><object><name /><pose>Unspecified</pose><truncated>0</truncated><difficult>0</difficult><bndbox><xmin>83.52000000000001</xmin><ymin>223.99999999999997</ymin><xmax>147.52000000000004</xmax><ymax>364.79999999999995</ymax></bndbox></object><object><name /><pose>Unspecified</pose><truncated>0</truncated><difficult>0</difficult><bndbox><xmin>379.84000000000003</xmin><ymin>230.08000000000004</ymin><xmax>436.15999999999997</xmax><ymax>370.24</ymax></bndbox></object><object><name /><pose>Unspecified</pose><truncated>0</truncated><difficult>0</difficult><bndbox><xmin>673.28</xmin><ymin>233.92000000000004</ymin><xmax>732.8</xmax><ymax>374.72</ymax></bndbox></object></annotations>