<annotations><filename>left0510.jpg</filename><folder>images</folder><size><width>800</width><height>600</height><depth>3</depth></size><object><name /><pose>Unspecified</pose><truncated>0</truncated><difficult>0</difficult><bndbox><xmin>214.25300505317853</xmin><ymin>495.97372713023947</ymin><xmax>238.14383969336347</xmax><ymax>545.0932831504597</ymax></bndbox></object><object><name /><pose>Unspecified</pose><truncated>0</truncated><difficult>0</difficult><bndbox><xmin>308.8607102283109</xmin><ymin>496.92936051584667</ymin><xmax>332.9426715456173</xmax><ymax>548.3424366615247</ymax></bndbox></object><object><name /><pose>Unspecified</pose><truncated>0</truncated><difficult>0</difficult><bndbox><xmin>403.8506687576863</xmin><ymin>500.17851402691184</ymin><xmax>426.21248998089936</xmax><ymax>551.0182101412254</ymax></bndbox></object></annotations>