<annotations><filename>left0489.jpg</filename><folder>images</folder><size><width>800</width><height>600</height><depth>3</depth></size><object><name /><pose>Unspecified</pose><truncated>0</truncated><difficult>0</difficult><bndbox><xmin>211.38610489635633</xmin><ymin>536.6837093571145</ymin><xmax>225.14722564910286</xmax><ymax>569.9397511762519</ymax></bndbox></object><object><name /><pose>Unspecified</pose><truncated>0</truncated><difficult>0</difficult><bndbox><xmin>278.2804418888742</xmin><ymin>537.6393427427217</ymin><xmax>295.29071615268583</xmax><ymax>572.9977780101956</ymax></bndbox></object><object><name /><pose>Unspecified</pose><truncated>0</truncated><difficult>0</difficult><bndbox><xmin>349.57069245518596</xmin><ymin>540.888496253787</ymin><xmax>363.52293988505403</xmax><ymax>575.100171458532</ymax></bndbox></object></annotations>