<annotations><filename>left0991.jpg</filename><folder>images</folder><size><width>800</width><height>600</height><depth>3</depth></size><object><name /><pose>Unspecified</pose><truncated>0</truncated><difficult>0</difficult><bndbox><xmin>230.1653175548032</xmin><ymin>449.75766999224794</ymin><xmax>258.90209454044407</xmax><ymax>507.90897813771943</ymax></bndbox></object><object><name /><pose>Unspecified</pose><truncated>0</truncated><difficult>0</difficult><bndbox><xmin>356.36314478891495</xmin><ymin>455.1797033857651</ymin><xmax>383.06665925198695</xmax><ymax>518.3463924202399</ymax></bndbox></object><object><name /><pose>Unspecified</pose><truncated>0</truncated><difficult>0</difficult><bndbox><xmin>482.28987035335086</xmin><ymin>456.12855922963064</ymin><xmax>507.0956731286919</xmax><ymax>515.3642740538055</ymax></bndbox></object></annotations>