<annotations><filename>left1112.jpg</filename><folder>images</folder><size><width>800</width><height>600</height><depth>3</depth></size><object><name>name</name><pose>Unspecified</pose><truncated>0</truncated><difficult>0</difficult><bndbox><xmin>32.320000000000036</xmin><ymin>206.72000000000023</ymin><xmax>95.36000000000011</xmax><ymax>356.8000000000004</ymax></bndbox></object><object><name>name</name><pose>Unspecified</pose><truncated>0</truncated><difficult>0</difficult><bndbox><xmin>324.8000000000004</xmin><ymin>221.44000000000028</ymin><xmax>390.7200000000005</xmax><ymax>368.00000000000045</ymax></bndbox></object><object><name>name</name><pose>Unspecified</pose><truncated>0</truncated><difficult>0</difficult><bndbox><xmin>611.8400000000007</xmin><ymin>238.40000000000032</ymin><xmax>671.6800000000009</xmax><ymax>380.8000000000005</ymax></bndbox></object></annotations>