<annotations><filename>left0033.jpg</filename><folder>images</folder><size><width>800</width><height>600</height><depth>3</depth></size><object><name /><pose>Unspecified</pose><truncated>0</truncated><difficult>0</difficult><bndbox><xmin>14.080000000000005</xmin><ymin>104.63999999999999</ymin><xmax>91.84</xmax><ymax>287.36</ymax></bndbox></object><object><name /><pose>Unspecified</pose><truncated>0</truncated><difficult>0</difficult><bndbox><xmin>383.68</xmin><ymin>111.99999999999999</ymin><xmax>456.32</xmax><ymax>290.88</ymax></bndbox></object><object><name /><pose>Unspecified</pose><truncated>0</truncated><difficult>0</difficult><bndbox><xmin>750.72</xmin><ymin>116.16000000000001</ymin><xmax>799.04</xmax><ymax>299.2</ymax></bndbox></object></annotations>