<annotations><filename>left0535.jpg</filename><folder>images</folder><size><width>800</width><height>600</height><depth>3</depth></size><object><name>name</name><pose>Unspecified</pose><truncated>0</truncated><difficult>0</difficult><bndbox><xmin>76.64179752571329</xmin><ymin>435.95995051409477</ymin><xmax>103.78178567696338</xmax><ymax>504.5744276007059</ymax></bndbox></object><object><name>name</name><pose>Unspecified</pose><truncated>0</truncated><difficult>0</difficult><bndbox><xmin>211.57723157347783</xmin><ymin>443.98727095319697</ymin><xmax>240.62848649594275</xmax><ymax>507.6324544346497</ymax></bndbox></object><object><name>name</name><pose>Unspecified</pose><truncated>0</truncated><difficult>0</difficult><bndbox><xmin>346.13041226699943</xmin><ymin>448.383184526991</ymin><xmax>374.9905405123428</xmax><ymax>513.1751280711726</ymax></bndbox></object></annotations>