<annotations><filename>left0569.jpg</filename><folder>images</folder><size><width>800</width><height>600</height><depth>3</depth></size><object><name>name</name><pose>Unspecified</pose><truncated>0</truncated><difficult>0</difficult><bndbox><xmin>88.10939815300205</xmin><ymin>300.83338978920875</ymin><xmax>134.3620540164001</xmax><ymax>420.47868966725497</ymax></bndbox></object><object><name>name</name><pose>Unspecified</pose><truncated>0</truncated><difficult>0</difficult><bndbox><xmin>318.4170440843849</xmin><ymin>304.08254330027387</ymin><xmax>375.56392054370724</xmax><ymax>423.34558982407714</ymax></bndbox></object><object><name>name</name><pose>Unspecified</pose><truncated>0</truncated><difficult>0</difficult><bndbox><xmin>564.5882042168505</xmin><ymin>323.95971772090786</ymin><xmax>607.4005798920621</xmax><ymax>437.68009060818815</ymax></bndbox></object></annotations>