<annotations><filename>left0621.jpg</filename><folder>images</folder><size><width>800</width><height>600</height><depth>3</depth></size><object><name /><pose>Unspecified</pose><truncated>0</truncated><difficult>0</difficult><bndbox><xmin>18.836879432624116</xmin><ymin>201.53191489361706</ymin><xmax>88.7375886524823</xmax><ymax>347.9148936170214</ymax></bndbox></object><object><name /><pose>Unspecified</pose><truncated>0</truncated><difficult>0</difficult><bndbox><xmin>320.6808510638299</xmin><ymin>221.50354609929082</ymin><xmax>374.4680851063831</xmax><ymax>366.07092198581574</ymax></bndbox></object><object><name /><pose>Unspecified</pose><truncated>0</truncated><difficult>0</difficult><bndbox><xmin>604.8226950354612</xmin><ymin>239.88652482269515</ymin><xmax>668.3687943262415</xmax><ymax>371.97163120567393</ymax></bndbox></object></annotations>