<annotations><filename>left0617.jpg</filename><folder>images</folder><size><width>800</width><height>600</height><depth>3</depth></size><object><name /><pose>Unspecified</pose><truncated>0</truncated><difficult>0</difficult><bndbox><xmin>26.55319148936171</xmin><ymin>209.92907801418443</ymin><xmax>86.92198581560287</xmax><ymax>356.5390070921987</ymax></bndbox></object><object><name /><pose>Unspecified</pose><truncated>0</truncated><difficult>0</difficult><bndbox><xmin>323.1773049645391</xmin><ymin>221.2765957446809</ymin><xmax>383.0921985815604</xmax><ymax>366.7517730496455</ymax></bndbox></object><object><name /><pose>Unspecified</pose><truncated>0</truncated><difficult>0</difficult><bndbox><xmin>603.6879432624114</xmin><ymin>236.936170212766</ymin><xmax>659.0638297872342</xmax><ymax>373.78723404255334</ymax></bndbox></object></annotations>