<annotations><filename>left0485.jpg</filename><folder>images</folder><size><width>800</width><height>600</height><depth>3</depth></size><object><name /><pose>Unspecified</pose><truncated>0</truncated><difficult>0</difficult><bndbox><xmin>218.26666527272963</xmin><ymin>542.4175096707588</ymin><xmax>233.556799442448</xmax><ymax>575.482424812775</ymax></bndbox></object><object><name /><pose>Unspecified</pose><truncated>0</truncated><difficult>0</difficult><bndbox><xmin>284.0142422025185</xmin><ymin>545.0932831504596</ymin><xmax>298.539869663751</xmax><ymax>577.7759449382326</ymax></bndbox></object><object><name /><pose>Unspecified</pose><truncated>0</truncated><difficult>0</difficult><bndbox><xmin>349.37956577806455</xmin><ymin>547.0045499216744</ymin><xmax>365.4342066562688</xmax><ymax>580.4517184179333</ymax></bndbox></object></annotations>