<annotations><filename>left0014.jpg</filename><folder>images</folder><size><width>800</width><height>600</height><depth>3</depth></size><object><name /><pose>Unspecified</pose><truncated>0</truncated><difficult>0</difficult><bndbox><xmin>126.71999999999998</xmin><ymin>286.4000000000001</ymin><xmax>177.92000000000002</xmax><ymax>414.08000000000004</ymax></bndbox></object><object><name /><pose>Unspecified</pose><truncated>0</truncated><difficult>0</difficult><bndbox><xmin>372.48</xmin><ymin>289.28000000000003</ymin><xmax>428.1600000000001</xmax><ymax>415.04</ymax></bndbox></object><object><name /><pose>Unspecified</pose><truncated>0</truncated><difficult>0</difficult><bndbox><xmin>625.28</xmin><ymin>292.80000000000007</ymin><xmax>677.1200000000001</xmax><ymax>416.32000000000005</ymax></bndbox></object></annotations>