<annotations><filename>left0973.jpg</filename><folder>images</folder><size><width>800</width><height>600</height><depth>3</depth></size><object><name /><pose>Unspecified</pose><truncated>0</truncated><difficult>0</difficult><bndbox><xmin>235.31624927864445</xmin><ymin>522.4129174653777</ymin><xmax>253.61561198176483</xmax><ymax>565.789184613515</ymax></bndbox></object><object><name /><pose>Unspecified</pose><truncated>0</truncated><difficult>0</difficult><bndbox><xmin>313.5290809801295</xmin><ymin>527.5638491892191</ymin><xmax>331.01513867422227</xmax><ymax>571.34676884187</ymax></bndbox></object><object><name /><pose>Unspecified</pose><truncated>0</truncated><difficult>0</difficult><bndbox><xmin>389.30199765453165</xmin><ymin>529.1904592072742</ymin><xmax>407.60136035765197</xmax><ymax>568.3646504754356</ymax></bndbox></object></annotations>