<annotations><filename>left0610.jpg</filename><folder>images</folder><size><width>800</width><height>600</height><depth>3</depth></size><object><name /><pose>Unspecified</pose><truncated>0</truncated><difficult>0</difficult><bndbox><xmin>29.27659574468086</xmin><ymin>216.73758865248232</ymin><xmax>93.50354609929082</xmax><ymax>355.8581560283689</ymax></bndbox></object><object><name /><pose>Unspecified</pose><truncated>0</truncated><difficult>0</difficult><bndbox><xmin>317.5035460992909</xmin><ymin>232.6241134751774</ymin><xmax>380.59574468085117</xmax><ymax>377.41843971631226</ymax></bndbox></object><object><name /><pose>Unspecified</pose><truncated>0</truncated><difficult>0</difficult><bndbox><xmin>597.1063829787236</xmin><ymin>245.7872340425533</ymin><xmax>652.4822695035464</xmax><ymax>380.82269503546115</ymax></bndbox></object></annotations>