<annotations><filename>left0455.jpg</filename><folder>images</folder><size><width>800</width><height>600</height><depth>3</depth></size><object><name /><pose>Unspecified</pose><truncated>0</truncated><difficult>0</difficult><bndbox><xmin>104.54629238544928</xmin><ymin>569.3663711448875</ymin><xmax>115.05825962713067</xmax><ymax>592.1104457223436</ymax></bndbox></object><object><name /><pose>Unspecified</pose><truncated>0</truncated><difficult>0</difficult><bndbox><xmin>153.28359505142657</xmin><ymin>571.0865112389807</ymin><xmax>163.60443561598646</xmax><ymax>594.4039658478013</ymax></bndbox></object></annotations>