<annotations><filename>left0467.jpg</filename><folder>images</folder><size><width>800</width><height>600</height><depth>3</depth></size><object><name /><pose>Unspecified</pose><truncated>0</truncated><difficult>0</difficult><bndbox><xmin>275.9869217634165</xmin><ymin>563.4414441541217</ymin><xmax>285.5432556194904</xmax><ymax>588.6701655341569</ymax></bndbox></object><object><name /><pose>Unspecified</pose><truncated>0</truncated><difficult>0</difficult><bndbox><xmin>327.01774455485145</xmin><ymin>565.5438376024579</ymin><xmax>339.82323192199055</xmax><ymax>592.1104457223437</ymax></bndbox></object><object><name /><pose>Unspecified</pose><truncated>0</truncated><difficult>0</difficult><bndbox><xmin>379.19532740901536</xmin><ymin>565.5438376024579</ymin><xmax>390.66292803630415</xmax><ymax>595.7418525876517</ymax></bndbox></object></annotations>