<annotations><filename>left0587.jpg</filename><folder>images</folder><size><width>800</width><height>600</height><depth>3</depth></size><object><name /><pose>Unspecified</pose><truncated>0</truncated><difficult>0</difficult><bndbox><xmin>82.94897787072209</xmin><ymin>281.3384687228179</ymin><xmax>125.95248022305499</xmax><ymax>401.17489527798557</ymax></bndbox></object><object><name /><pose>Unspecified</pose><truncated>0</truncated><difficult>0</difficult><bndbox><xmin>331.9870381600099</xmin><ymin>297.20198292390063</ymin><xmax>379.19532740901536</xmax><ymax>404.4240487890507</ymax></bndbox></object><object><name /><pose>Unspecified</pose><truncated>0</truncated><difficult>0</difficult><bndbox><xmin>568.2196110821586</xmin><ymin>307.713950165582</ymin><xmax>617.5302937795003</xmax><ymax>419.714182958769</ymax></bndbox></object></annotations>