<annotations><filename>left0605.jpg</filename><folder>images</folder><size><width>800</width><height>600</height><depth>3</depth></size><object><name /><pose>Unspecified</pose><truncated>0</truncated><difficult>0</difficult><bndbox><xmin>35.17730496453902</xmin><ymin>220.36879432624124</ymin><xmax>97.36170212765961</xmax><ymax>368.7943262411349</ymax></bndbox></object><object><name /><pose>Unspecified</pose><truncated>0</truncated><difficult>0</difficult><bndbox><xmin>322.9503546099292</xmin><ymin>235.12056737588654</ymin><xmax>379.9148936170214</xmax><ymax>379.46099290780154</ymax></bndbox></object><object><name /><pose>Unspecified</pose><truncated>0</truncated><difficult>0</difficult><bndbox><xmin>588.2553191489365</xmin><ymin>252.14184397163137</ymin><xmax>654.5248226950357</xmax><ymax>388.0851063829789</ymax></bndbox></object></annotations>