<annotations><filename>left0595.jpg</filename><folder>images</folder><size><width>800</width><height>600</height><depth>3</depth></size><object><name /><pose>Unspecified</pose><truncated>0</truncated><difficult>0</difficult><bndbox><xmin>54.468085106383</xmin><ymin>244.65248226950365</ymin><xmax>109.61702127659578</xmax><ymax>379.68794326241147</ymax></bndbox></object><object><name /><pose>Unspecified</pose><truncated>0</truncated><difficult>0</difficult><bndbox><xmin>321.13475177304974</xmin><ymin>260.53900709219874</ymin><xmax>379.23404255319167</xmax><ymax>389.2198581560285</ymax></bndbox></object><object><name /><pose>Unspecified</pose><truncated>0</truncated><difficult>0</difficult><bndbox><xmin>583.4893617021279</xmin><ymin>273.2482269503547</ymin><xmax>636.3687943262413</xmax><ymax>401.2482269503547</ymax></bndbox></object></annotations>