<annotations><filename>left0607.jpg</filename><folder>images</folder><size><width>800</width><height>600</height><depth>3</depth></size><object><name /><pose>Unspecified</pose><truncated>0</truncated><difficult>0</difficult><bndbox><xmin>37.21985815602838</xmin><ymin>219.9148936170214</ymin><xmax>92.14184397163123</xmax><ymax>363.5744680851065</ymax></bndbox></object><object><name /><pose>Unspecified</pose><truncated>0</truncated><difficult>0</difficult><bndbox><xmin>320.22695035461004</xmin><ymin>235.80141843971646</ymin><xmax>385.8156028368795</xmax><ymax>379.91489361702145</ymax></bndbox></object><object><name /><pose>Unspecified</pose><truncated>0</truncated><difficult>0</difficult><bndbox><xmin>591.6595744680853</xmin><ymin>249.64539007092216</ymin><xmax>653.3900709219861</xmax><ymax>387.63120567375904</ymax></bndbox></object></annotations>