<annotations><filename>left0507.jpg</filename><folder>images</folder><size><width>800</width><height>600</height><depth>3</depth></size><object><name /><pose>Unspecified</pose><truncated>0</truncated><difficult>0</difficult><bndbox><xmin>195.33146401815208</xmin><ymin>506.10344101767777</ymin><xmax>215.97314514727185</xmax><ymax>549.8714500784965</ymax></bndbox></object><object><name /><pose>Unspecified</pose><truncated>0</truncated><difficult>0</difficult><bndbox><xmin>289.1746624847985</xmin><ymin>508.58808782025693</ymin><xmax>308.6695835511894</xmax><ymax>554.2673636522906</ymax></bndbox></object><object><name /><pose>Unspecified</pose><truncated>0</truncated><difficult>0</difficult><bndbox><xmin>378.43082070052947</xmin><ymin>511.4549879770791</ymin><xmax>397.54348841267733</xmax><ymax>555.9875037463839</ymax></bndbox></object></annotations>