<annotations><filename>left0518.jpg</filename><folder>images</folder><size><width>800</width><height>600</height><depth>3</depth></size><object><name /><pose>Unspecified</pose><truncated>0</truncated><difficult>0</difficult><bndbox><xmin>209.8570914793845</xmin><ymin>484.31499982582915</ymin><xmax>230.68989928562576</xmax><ymax>535.9192026486287</ymax></bndbox></object><object><name /><pose>Unspecified</pose><truncated>0</truncated><difficult>0</difficult><bndbox><xmin>312.109863739376</xmin><ymin>489.093166753866</ymin><xmax>334.8539383168321</xmax><ymax>539.7417361910582</ymax></bndbox></object><object><name /><pose>Unspecified</pose><truncated>0</truncated><difficult>0</difficult><bndbox><xmin>415.1271427078536</xmin><ymin>493.8713336819031</ymin><xmax>439.59135737940295</xmax><ymax>545.8577898589455</ymax></bndbox></object></annotations>