<annotations><filename>left0436.jpg</filename><folder>images</folder><size><width>800</width><height>600</height><depth>3</depth></size><object><name /><pose>Unspecified</pose><truncated>0</truncated><difficult>0</difficult><bndbox><xmin>96.13671859210422</xmin><ymin>580.2605917408118</ymin><xmax>105.11967241681376</xmax><ymax>599.5643861300814</ymax></bndbox></object><object><name /><pose>Unspecified</pose><truncated>0</truncated><difficult>0</difficult><bndbox><xmin>134.5531806935216</xmin><ymin>580.2605917408118</ymin><xmax>143.72726119535258</xmax><ymax>602.0490329326606</ymax></bndbox></object></annotations>