<annotations><filename>left0457.jpg</filename><folder>images</folder><size><width>800</width><height>600</height><depth>3</depth></size><object><name /><pose>Unspecified</pose><truncated>0</truncated><difficult>0</difficult><bndbox><xmin>275.98692176341643</xmin><ymin>573.57115804156</ymin><xmax>284.77874891100447</xmax><ymax>595.1684725562873</ymax></bndbox></object><object><name /><pose>Unspecified</pose><truncated>0</truncated><difficult>0</difficult><bndbox><xmin>323.9597177209078</xmin><ymin>574.5267914271674</ymin><xmax>332.75154486849584</xmax><ymax>596.3152326190161</ymax></bndbox></object></annotations>