<annotations><filename>left0528.jpg</filename><folder>images</folder><size><width>800</width><height>600</height><depth>3</depth></size><object><name /><pose>Unspecified</pose><truncated>0</truncated><difficult>0</difficult><bndbox><xmin>326.6354912006085</xmin><ymin>466.1579654992886</ymin><xmax>354.92223941458747</xmax><ymax>528.6563889180123</ymax></bndbox></object><object><name /><pose>Unspecified</pose><truncated>0</truncated><difficult>0</difficult><bndbox><xmin>446.28079107865466</xmin><ymin>467.3047255620175</ymin><xmax>477.43443944945585</xmax><ymax>532.2877957833205</ymax></bndbox></object><object><name /><pose>Unspecified</pose><truncated>0</truncated><difficult>0</difficult><bndbox><xmin>565.1615842482149</xmin><ymin>472.8473991985403</ymin><xmax>590.3903056282502</xmax><ymax>530.5676556892271</ymax></bndbox></object></annotations>