<annotations><filename>left0479.jpg</filename><folder>images</folder><size><width>800</width><height>600</height><depth>3</depth></size><object><name /><pose>Unspecified</pose><truncated>0</truncated><difficult>0</difficult><bndbox><xmin>230.49877260850428</xmin><ymin>553.1206035895617</ymin><xmax>245.02440006973677</xmax><ymax>581.5984784806623</ymax></bndbox></object><object><name /><pose>Unspecified</pose><truncated>0</truncated><difficult>0</difficult><bndbox><xmin>289.5569158390415</xmin><ymin>554.0762369751691</ymin><xmax>306.1849367486102</xmax><ymax>585.8032653773347</ymax></bndbox></object><object><name /><pose>Unspecified</pose><truncated>0</truncated><difficult>0</difficult><bndbox><xmin>351.6730859035223</xmin><ymin>557.1342638091128</ymin><xmax>363.7140665621755</xmax><ymax>586.5677720858207</ymax></bndbox></object></annotations>