<annotations><filename>left0491.jpg</filename><folder>images</folder><size><width>800</width><height>600</height><depth>3</depth></size><object><name /><pose>Unspecified</pose><truncated>0</truncated><difficult>0</difficult><bndbox><xmin>206.99019132256228</xmin><ymin>535.5369492943856</ymin><xmax>224.000465586374</xmax><ymax>570.8953845618593</ymax></bndbox></object><object><name /><pose>Unspecified</pose><truncated>0</truncated><difficult>0</difficult><bndbox><xmin>279.427201951603</xmin><ymin>536.4925826799929</ymin><xmax>294.9084627984429</xmax><ymax>572.2332713017097</ymax></bndbox></object><object><name /><pose>Unspecified</pose><truncated>0</truncated><difficult>0</difficult><bndbox><xmin>347.6594256839712</xmin><ymin>537.8304694198433</ymin><xmax>362.1850531452037</xmax><ymax>576.8203115526252</ymax></bndbox></object></annotations>