<annotations><filename>left0504.jpg</filename><folder>images</folder><size><width>800</width><height>600</height><depth>3</depth></size><object><name /><pose>Unspecified</pose><truncated>0</truncated><difficult>0</difficult><bndbox><xmin>104.35516570832783</xmin><ymin>508.9703411744999</ymin><xmax>122.89445338911133</xmax><ymax>552.7383502353188</ymax></bndbox></object><object><name /><pose>Unspecified</pose><truncated>0</truncated><difficult>0</difficult><bndbox><xmin>191.89118382996548</xmin><ymin>513.1751280711725</ymin><xmax>210.62159818787046</xmax><ymax>553.6939836209261</ymax></bndbox></object><object><name /><pose>Unspecified</pose><truncated>0</truncated><difficult>0</difficult><bndbox><xmin>278.47156856599565</xmin><ymin>515.2775215195088</ymin><xmax>296.0552228611717</xmax><ymax>558.854403903206</ymax></bndbox></object></annotations>