<annotations><filename>left0012.jpg</filename><folder>images</folder><size><width>800</width><height>600</height><depth>3</depth></size><object><name /><pose>Unspecified</pose><truncated>0</truncated><difficult>0</difficult><bndbox><xmin>127.04000000000002</xmin><ymin>289.2800000000001</ymin><xmax>178.56</xmax><ymax>408.96000000000004</ymax></bndbox></object><object><name /><pose>Unspecified</pose><truncated>0</truncated><difficult>0</difficult><bndbox><xmin>375.36</xmin><ymin>291.2</ymin><xmax>429.12</xmax><ymax>416.9600000000001</ymax></bndbox></object><object><name /><pose>Unspecified</pose><truncated>0</truncated><difficult>0</difficult><bndbox><xmin>624.0</xmin><ymin>297.28000000000003</ymin><xmax>677.76</xmax><ymax>418.56</ymax></bndbox></object></annotations>