<annotations><filename>left0598.jpg</filename><folder>images</folder><size><width>800</width><height>600</height><depth>3</depth></size><object><name /><pose>Unspecified</pose><truncated>0</truncated><difficult>0</difficult><bndbox><xmin>46.75177304964541</xmin><ymin>233.7588652482271</ymin><xmax>105.53191489361706</xmax><ymax>373.33333333333354</ymax></bndbox></object><object><name /><pose>Unspecified</pose><truncated>0</truncated><difficult>0</difficult><bndbox><xmin>320.6808510638299</xmin><ymin>249.41843971631215</ymin><xmax>378.5531914893619</xmax><ymax>383.54609929078026</ymax></bndbox></object><object><name /><pose>Unspecified</pose><truncated>0</truncated><difficult>0</difficult><bndbox><xmin>586.8936170212769</xmin><ymin>259.85815602836885</ymin><xmax>650.666666666667</xmax><ymax>397.8439716312058</ymax></bndbox></object></annotations>