<annotations><filename>left0542.jpg</filename><folder>images</folder><size><width>800</width><height>600</height><depth>3</depth></size><object><name>name</name><pose>Unspecified</pose><truncated>0</truncated><difficult>0</difficult><bndbox><xmin>152.90134169718363</xmin><ymin>420.86094302149786</ymin><xmax>188.06865028753583</xmax><ymax>491.9600669106883</ymax></bndbox></object><object><name>name</name><pose>Unspecified</pose><truncated>0</truncated><difficult>0</difficult><bndbox><xmin>305.9938100714887</xmin><ymin>427.1681233665068</ymin><xmax>337.72083847365434</xmax><ymax>500.5607673811549</ymax></bndbox></object><object><name>name</name><pose>Unspecified</pose><truncated>0</truncated><difficult>0</difficult><bndbox><xmin>450.1033246210843</xmin><ymin>429.652770169086</ymin><xmax>484.69725318007204</xmax><ymax>504.19217424646297</ymax></bndbox></object></annotations>