<annotations><filename>left0937.jpg</filename><folder>images</folder><size><width>800</width><height>600</height><depth>3</depth></size><object><name /><pose>Unspecified</pose><truncated>0</truncated><difficult>0</difficult><bndbox><xmin>269.40507327071646</xmin><ymin>571.7619208066467</ymin><xmax>287.6440627164068</xmax><ymax>598.3604470816117</ymax></bndbox></object><object><name /><pose>Unspecified</pose><truncated>0</truncated><difficult>0</difficult><bndbox><xmin>316.5908588825042</xmin><ymin>574.9575437491104</ymin><xmax>328.7501851796311</xmax><ymax>599.6561752901492</ymax></bndbox></object><object><name /><pose>Unspecified</pose><truncated>0</truncated><difficult>0</difficult><bndbox><xmin>360.2200415523825</xmin><ymin>576.4964584835902</ymin><xmax>375.0392204770058</xmax><ymax>600.4351321310587</ymax></bndbox></object></annotations>