<annotations><filename>left0468.jpg</filename><folder>images</folder><size><width>800</width><height>600</height><depth>3</depth></size><object><name /><pose>Unspecified</pose><truncated>0</truncated><difficult>0</difficult><bndbox><xmin>265.47495452173507</xmin><ymin>563.6325708312431</ymin><xmax>277.1336818261452</xmax><ymax>585.9943920544563</ymax></bndbox></object><object><name /><pose>Unspecified</pose><truncated>0</truncated><difficult>0</difficult><bndbox><xmin>319.7549308242352</xmin><ymin>563.2503174770002</ymin><xmax>331.41365812864547</xmax><ymax>591.3459390138576</ymax></bndbox></object><object><name /><pose>Unspecified</pose><truncated>0</truncated><difficult>0</difficult><bndbox><xmin>371.3591336470347</xmin><ymin>565.7349642795793</ymin><xmax>384.1646210141738</xmax><ymax>588.8612922112784</ymax></bndbox></object></annotations>