<annotations><filename>left0971.jpg</filename><folder>images</folder><size><width>800</width><height>600</height><depth>3</depth></size><object><name /><pose>Unspecified</pose><truncated>0</truncated><difficult>0</difficult><bndbox><xmin>240.73828267216163</xmin><ymin>530.8170692253293</ymin><xmax>258.0887895314165</xmax><ymax>569.3135063193013</ymax></bndbox></object><object><name /><pose>Unspecified</pose><truncated>0</truncated><difficult>0</difficult><bndbox><xmin>313.80018264980527</xmin><ymin>533.2569842524122</ymin><xmax>333.5906045361429</xmax><ymax>570.9401163373566</ymax></bndbox></object><object><name /><pose>Unspecified</pose><truncated>0</truncated><difficult>0</difficult><bndbox><xmin>388.624243480342</xmin><ymin>537.187958462712</ymin><xmax>407.0591570183003</xmax><ymax>573.6511330341148</ymax></bndbox></object></annotations>