<annotations><filename>left0546.jpg</filename><folder>images</folder><size><width>800</width><height>600</height><depth>3</depth></size><object><name>name</name><pose>Unspecified</pose><truncated>0</truncated><difficult>0</difficult><bndbox><xmin>170.1027426381168</xmin><ymin>401.36602195510693</ymin><xmax>207.3724446768053</xmax><ymax>480.11021292915655</ymax></bndbox></object><object><name>name</name><pose>Unspecified</pose><truncated>0</truncated><difficult>0</difficult><bndbox><xmin>338.1030918278973</xmin><ymin>408.8199623628447</ymin><xmax>371.55026032415617</xmax><ymax>487.37302665977285</ymax></bndbox></object><object><name>name</name><pose>Unspecified</pose><truncated>0</truncated><difficult>0</difficult><bndbox><xmin>499.6051339955475</xmin><ymin>414.3626359993676</ymin><xmax>534.1990625545352</xmax><ymax>494.0624603590246</ymax></bndbox></object></annotations>