<annotations><filename>left0483.jpg</filename><folder>images</folder><size><width>800</width><height>600</height><depth>3</depth></size><object><name /><pose>Unspecified</pose><truncated>0</truncated><difficult>0</difficult><bndbox><xmin>223.23595887788804</xmin><ymin>547.1956765987959</ymin><xmax>238.33496637048495</xmax><ymax>579.8783383865689</ymax></bndbox></object><object><name /><pose>Unspecified</pose><truncated>0</truncated><difficult>0</difficult><bndbox><xmin>287.83677574494817</xmin><ymin>549.1069433700108</ymin><xmax>300.4511364349658</xmax><ymax>580.4517184179334</ymax></bndbox></object><object><name /><pose>Unspecified</pose><truncated>0</truncated><difficult>0</difficult><bndbox><xmin>348.8061857467001</xmin><ymin>550.062576755618</ymin><xmax>364.47857327066146</xmax><ymax>583.3186185747554</ymax></bndbox></object></annotations>