<annotations><filename>left0534.jpg</filename><folder>images</folder><size><width>800</width><height>600</height><depth>3</depth></size><object><name>name</name><pose>Unspecified</pose><truncated>0</truncated><difficult>0</difficult><bndbox><xmin>100.72375884301971</xmin><ymin>439.4002307022814</ymin><xmax>128.24600034851275</xmax><ymax>507.44132775752814</ymax></bndbox></object><object><name>name</name><pose>Unspecified</pose><truncated>0</truncated><difficult>0</difficult><bndbox><xmin>235.85031956790573</xmin><ymin>445.1340310159258</ymin><xmax>263.18143439627727</xmax><ymax>514.1307614567799</ymax></bndbox></object><object><name>name</name><pose>Unspecified</pose><truncated>0</truncated><difficult>0</difficult><bndbox><xmin>367.3454734274836</xmin><ymin>451.2500846838132</ymin><xmax>393.9120815473692</xmax><ymax>518.5266750305739</ymax></bndbox></object></annotations>