<annotations><filename>left0431.jpg</filename><folder>images</folder><size><width>800</width><height>600</height><depth>3</depth></size><object><name /><pose>Unspecified</pose><truncated>0</truncated><difficult>0</difficult><bndbox><xmin>371.84000000000003</xmin><ymin>588.1600000000001</ymin><xmax>380.48</xmax><ymax>600.0</ymax></bndbox></object><object><name /><pose>Unspecified</pose><truncated>0</truncated><difficult>0</difficult><bndbox><xmin>408.32000000000005</xmin><ymin>587.8400000000001</ymin><xmax>416.96000000000004</xmax><ymax>600.9600000000003</ymax></bndbox></object><object><name /><pose>Unspecified</pose><truncated>0</truncated><difficult>0</difficult><bndbox><xmin>446.72</xmin><ymin>588.48</ymin><xmax>453.12</xmax><ymax>599.04</ymax></bndbox></object></annotations>