<annotations><filename>left0516.jpg</filename><folder>images</folder><size><width>800</width><height>600</height><depth>3</depth></size><object><name /><pose>Unspecified</pose><truncated>0</truncated><difficult>0</difficult><bndbox><xmin>209.28371144802003</xmin><ymin>489.66654678523054</ymin><xmax>231.64553267123318</xmax><ymax>540.3151162224226</ymax></bndbox></object><object><name /><pose>Unspecified</pose><truncated>0</truncated><difficult>0</difficult><bndbox><xmin>314.78563721907676</xmin><ymin>495.7826004531178</ymin><xmax>337.9119651507758</xmax><ymax>547.5779299530388</ymax></bndbox></object><object><name /><pose>Unspecified</pose><truncated>0</truncated><difficult>0</difficult><bndbox><xmin>414.74488935361063</xmin><ymin>495.5914737759964</ymin><xmax>439.4002307022815</xmax><ymax>545.284409827581</ymax></bndbox></object></annotations>