<annotations><filename>left0456.jpg</filename><folder>images</folder><size><width>800</width><height>600</height><depth>3</depth></size><object><name /><pose>Unspecified</pose><truncated>0</truncated><difficult>0</difficult><bndbox><xmin>105.31079909393523</xmin><ymin>568.41073775928</ymin><xmax>114.48487959576624</xmax><ymax>591.1548123367361</ymax></bndbox></object><object><name /><pose>Unspecified</pose><truncated>0</truncated><difficult>0</difficult><bndbox><xmin>153.28359505142657</xmin><ymin>570.1308778533734</ymin><xmax>163.413308938865</xmax><ymax>593.2572057850724</ymax></bndbox></object></annotations>