<annotations><filename>left0433.jpg</filename><folder>images</folder><size><width>800</width><height>600</height><depth>3</depth></size><object><name /><pose>Unspecified</pose><truncated>0</truncated><difficult>0</difficult><bndbox><xmin>282.1029754313038</xmin><ymin>585.9943920544562</ymin><xmax>289.36578916192</xmax><ymax>599.7555128072028</ymax></bndbox></object><object><name /><pose>Unspecified</pose><truncated>0</truncated><difficult>0</difficult><bndbox><xmin>319.56380414711373</xmin><ymin>586.3766454086991</ymin><xmax>327.2088712319729</xmax><ymax>599.9466394843242</ymax></bndbox></object><object><name /><pose>Unspecified</pose><truncated>0</truncated><difficult>0</difficult><bndbox><xmin>357.4068862171667</xmin><ymin>587.5234054714281</ymin><xmax>364.47857327066146</xmax><ymax>599.5643861300812</ymax></bndbox></object></annotations>