<annotations><filename>left0563.jpg</filename><folder>images</folder><size><width>800</width><height>600</height><depth>3</depth></size><object><name>name</name><pose>Unspecified</pose><truncated>0</truncated><difficult>0</difficult><bndbox><xmin>99.19474542604787</xmin><ymin>308.86071022831084</ymin><xmax>150.60782157172585</xmax><ymax>427.16812336650673</ymax></bndbox></object><object><name>name</name><pose>Unspecified</pose><truncated>0</truncated><difficult>0</difficult><bndbox><xmin>327.01774455485145</xmin><ymin>319.75493082423526</ymin><xmax>379.19532740901536</xmax><ymax>437.8712172853097</ymax></bndbox></object><object><name>name</name><pose>Unspecified</pose><truncated>0</truncated><difficult>0</difficult><bndbox><xmin>551.0182101412255</xmin><ymin>333.70717825410316</ymin><xmax>602.4312862869034</xmax><ymax>443.60501759895396</ymax></bndbox></object></annotations>