<annotations><filename>left0541.jpg</filename><folder>images</folder><size><width>800</width><height>600</height><depth>3</depth></size><object><name>name</name><pose>Unspecified</pose><truncated>0</truncated><difficult>0</difficult><bndbox><xmin>153.47472172854805</xmin><ymin>419.1408029274046</ymin><xmax>187.4952702561714</xmax><ymax>491.57781355644534</ymax></bndbox></object><object><name>name</name><pose>Unspecified</pose><truncated>0</truncated><difficult>0</difficult><bndbox><xmin>302.935783237545</xmin><ymin>427.1681233665068</ymin><xmax>340.3966119533551</xmax><ymax>500.5607673811549</ymax></bndbox></object><object><name>name</name><pose>Unspecified</pose><truncated>0</truncated><difficult>0</difficult><bndbox><xmin>452.39684474654206</xmin><ymin>432.9019236801511</ymin><xmax>483.9327464715862</xmax><ymax>505.33893430919187</ymax></bndbox></object></annotations>