<annotations><filename>left0984.jpg</filename><folder>images</folder><size><width>800</width><height>600</height><depth>3</depth></size><object><name /><pose>Unspecified</pose><truncated>0</truncated><difficult>0</difficult><bndbox><xmin>198.5819730375658</xmin><ymin>485.814192059137</ymin><xmax>219.59235243744476</xmax><ymax>540.0345259943085</ymax></bndbox></object><object><name /><pose>Unspecified</pose><truncated>0</truncated><difficult>0</difficult><bndbox><xmin>296.85632829506415</xmin><ymin>490.6940221133025</ymin><xmax>323.830944427812</xmax><ymax>540.5767293336603</ymax></bndbox></object><object><name /><pose>Unspecified</pose><truncated>0</truncated><difficult>0</difficult><bndbox><xmin>400.28161527640384</xmin><ymin>495.1671996629542</ymin><xmax>423.3252571988518</xmax><ymax>543.8299493697706</ymax></bndbox></object></annotations>