<annotations><filename>left0037.jpg</filename><folder>images</folder><size><width>800</width><height>600</height><depth>3</depth></size><object><name /><pose>Unspecified</pose><truncated>0</truncated><difficult>0</difficult><bndbox><xmin>0.6400000000000006</xmin><ymin>18.559999999999988</ymin><xmax>40.64</xmax><ymax>234.88</ymax></bndbox></object><object><name /><pose>Unspecified</pose><truncated>0</truncated><difficult>0</difficult><bndbox><xmin>381.76</xmin><ymin>22.39999999999999</ymin><xmax>480.31999999999994</xmax><ymax>239.36</ymax></bndbox></object></annotations>