<annotations><filename>left0471.jpg</filename><folder>images</folder><size><width>800</width><height>600</height><depth>3</depth></size><object><name /><pose>Unspecified</pose><truncated>0</truncated><difficult>0</difficult><bndbox><xmin>246.7445401638301</xmin><ymin>560.5745439972995</ymin><xmax>258.4032674682403</xmax><ymax>587.905658825671</ymax></bndbox></object><object><name /><pose>Unspecified</pose><truncated>0</truncated><difficult>0</difficult><bndbox><xmin>301.59789649769465</xmin><ymin>562.2946840913928</ymin><xmax>312.87437044786196</xmax><ymax>589.4346722426428</ymax></bndbox></object><object><name /><pose>Unspecified</pose><truncated>0</truncated><difficult>0</difficult><bndbox><xmin>355.87787280019484</xmin><ymin>564.5882042168505</ymin><xmax>366.7720933961192</xmax><ymax>589.2435455655213</ymax></bndbox></object></annotations>