<annotations><filename>left0969.jpg</filename><folder>images</folder><size><width>800</width><height>600</height><depth>3</depth></size><object><name /><pose>Unspecified</pose><truncated>0</truncated><difficult>0</difficult><bndbox><xmin>288.4521765351126</xmin><ymin>510.619994834478</ymin><xmax>291.5698457363849</xmax><ymax>544.2366018742845</ymax></bndbox></object><object><name /><pose>Unspecified</pose><truncated>0</truncated><difficult>0</difficult><bndbox><xmin>243.72040103859604</xmin><ymin>535.9680009491706</ymin><xmax>260.2576028888234</xmax><ymax>569.0424046496253</ymax></bndbox></object><object><name /><pose>Unspecified</pose><truncated>0</truncated><difficult>0</difficult><bndbox><xmin>316.240097676888</xmin><ymin>536.3746534536845</ymin><xmax>332.77729952711536</xmax><ymax>573.651133034115</ymax></bndbox></object><object><name /><pose>Unspecified</pose><truncated>0</truncated><difficult>0</difficult><bndbox><xmin>386.5909809577731</xmin><ymin>539.4923226549568</ymin><xmax>404.0770386518659</xmax><ymax>574.3288872083044</ymax></bndbox></object></annotations>