<annotations><filename>left0624.jpg</filename><folder>images</folder><size><width>800</width><height>600</height><depth>3</depth></size><object><name /><pose>Unspecified</pose><truncated>0</truncated><difficult>0</difficult><bndbox><xmin>19.063829787234052</xmin><ymin>200.39716312056743</ymin><xmax>78.52482269503548</xmax><ymax>340.8794326241136</ymax></bndbox></object><object><name /><pose>Unspecified</pose><truncated>0</truncated><difficult>0</difficult><bndbox><xmin>323.4042553191491</xmin><ymin>211.29078014184404</ymin><xmax>376.7375886524824</xmax><ymax>361.3049645390073</ymax></bndbox></object><object><name /><pose>Unspecified</pose><truncated>0</truncated><difficult>0</difficult><bndbox><xmin>605.503546099291</xmin><ymin>228.7659574468086</ymin><xmax>668.5957446808513</xmax><ymax>364.2553191489363</ymax></bndbox></object></annotations>