<annotations><filename>left0527.jpg</filename><folder>images</folder><size><width>800</width><height>600</height><depth>3</depth></size><object><name /><pose>Unspecified</pose><truncated>0</truncated><difficult>0</difficult><bndbox><xmin>314.9767638961982</xmin><ymin>467.8781055933819</ymin><xmax>340.5877386304765</xmax><ymax>529.0386422722554</ymax></bndbox></object><object><name /><pose>Unspecified</pose><truncated>0</truncated><difficult>0</difficult><bndbox><xmin>431.7551636174222</xmin><ymin>470.74500575020403</ymin><xmax>458.89515176867224</xmax><ymax>533.4345558460493</ymax></bndbox></object><object><name /><pose>Unspecified</pose><truncated>0</truncated><difficult>0</difficult><bndbox><xmin>549.2980700471321</xmin><ymin>479.15457954354906</ymin><xmax>573.57115804156</xmax><ymax>538.7861028054508</ymax></bndbox></object></annotations>