<annotations><filename>left0512.jpg</filename><folder>images</folder><size><width>800</width><height>600</height><depth>3</depth></size><object><name /><pose>Unspecified</pose><truncated>0</truncated><difficult>0</difficult><bndbox><xmin>215.39976511590743</xmin><ymin>492.15119358780987</ymin><xmax>239.67285311033532</xmax><ymax>542.2263829936375</ymax></bndbox></object><object><name /><pose>Unspecified</pose><truncated>0</truncated><difficult>0</difficult><bndbox><xmin>313.25662380210485</xmin><ymin>494.4447137132677</ymin><xmax>334.8539383168321</xmax><ymax>544.5199031190953</ymax></bndbox></object><object><name /><pose>Unspecified</pose><truncated>0</truncated><difficult>0</difficult><bndbox><xmin>407.2909489458729</xmin><ymin>497.31161387008984</ymin><xmax>431.18178358605786</xmax><ymax>549.6803234013753</ymax></bndbox></object></annotations>