<annotations><filename>left0576.jpg</filename><folder>images</folder><size><width>800</width><height>600</height><depth>3</depth></size><object><name /><pose>Unspecified</pose><truncated>0</truncated><difficult>0</difficult><bndbox><xmin>90.97629830982424</xmin><ymin>300.83338978920875</ymin><xmax>139.7136009758015</xmax><ymax>419.7141829587691</ymax></bndbox></object><object><name /><pose>Unspecified</pose><truncated>0</truncated><difficult>0</difficult><bndbox><xmin>326.25323784636555</xmin><ymin>315.5501439275627</ymin><xmax>380.15096079462273</xmax><ymax>428.31488342923564</ymax></bndbox></object><object><name /><pose>Unspecified</pose><truncated>0</truncated><difficult>0</difficult><bndbox><xmin>562.4858107685143</xmin><ymin>322.04845094969306</ymin><xmax>613.3255068828278</xmax><ymax>439.0179773480385</ymax></bndbox></object></annotations>