<annotations><filename>left0513.jpg</filename><folder>images</folder><size><width>800</width><height>600</height><depth>3</depth></size><object><name /><pose>Unspecified</pose><truncated>0</truncated><difficult>0</difficult><bndbox><xmin>211.19497821923486</xmin><ymin>490.2399268165949</ymin><xmax>237.57045966199902</xmax><ymax>542.9908897021234</ymax></bndbox></object><object><name /><pose>Unspecified</pose><truncated>0</truncated><difficult>0</difficult><bndbox><xmin>314.02113051059087</xmin><ymin>495.9737271302394</ymin><xmax>339.4409785677476</xmax><ymax>547.7690566301604</ymax></bndbox></object><object><name /><pose>Unspecified</pose><truncated>0</truncated><difficult>0</difficult><bndbox><xmin>409.3933423942091</xmin><ymin>498.0761205785758</ymin><xmax>433.666430388637</xmax><ymax>548.9158166928893</ymax></bndbox></object></annotations>