<annotations><filename>left0477.jpg</filename><folder>images</folder><size><width>800</width><height>600</height><depth>3</depth></size><object><name /><pose>Unspecified</pose><truncated>0</truncated><difficult>0</difficult><bndbox><xmin>233.74792611956948</xmin><ymin>556.1786304235054</ymin><xmax>247.89130022655897</xmax><ymax>585.2298853459704</ymax></bndbox></object><object><name /><pose>Unspecified</pose><truncated>0</truncated><difficult>0</difficult><bndbox><xmin>293.9528294128355</xmin><ymin>554.6496170065334</ymin><xmax>305.9938100714887</xmax><ymax>587.3322787943066</ymax></bndbox></object><object><name /><pose>Unspecified</pose><truncated>0</truncated><difficult>0</difficult><bndbox><xmin>351.6730859035223</xmin><ymin>558.8544039032062</ymin><xmax>365.05195330202594</xmax><ymax>588.0967855027926</ymax></bndbox></object></annotations>