<annotations><filename>left0490.jpg</filename><folder>images</folder><size><width>800</width><height>600</height><depth>3</depth></size><object><name /><pose>Unspecified</pose><truncated>0</truncated><difficult>0</difficult><bndbox><xmin>209.09258477089855</xmin><ymin>535.9192026486287</ymin><xmax>225.14722564910284</xmax><ymax>571.4687645932238</ymax></bndbox></object><object><name /><pose>Unspecified</pose><truncated>0</truncated><difficult>0</difficult><bndbox><xmin>278.47156856599565</xmin><ymin>539.3594828368152</ymin><xmax>295.09958947556436</xmax><ymax>573.1889046873171</ymax></bndbox></object><object><name /><pose>Unspecified</pose><truncated>0</truncated><difficult>0</difficult><bndbox><xmin>348.6150590695786</xmin><ymin>540.6973695766656</ymin><xmax>363.33181320793256</xmax><ymax>576.4380581983824</ymax></bndbox></object></annotations>