<annotations><filename>left0579.jpg</filename><folder>images</folder><size><width>800</width><height>600</height><depth>3</depth></size><object><name /><pose>Unspecified</pose><truncated>0</truncated><difficult>0</difficult><bndbox><xmin>84.8602446419369</xmin><ymin>299.30437637223685</ymin><xmax>137.2289541732223</xmax><ymax>421.0520696986194</ymax></bndbox></object><object><name /><pose>Unspecified</pose><truncated>0</truncated><difficult>0</difficult><bndbox><xmin>324.5330977522722</xmin><ymin>311.72761038513306</ymin><xmax>377.47518731492204</xmax><ymax>427.16812336650673</ymax></bndbox></object><object><name /><pose>Unspecified</pose><truncated>0</truncated><difficult>0</difficult><bndbox><xmin>556.5608837777484</xmin><ymin>323.1952110124219</ymin><xmax>610.8408600802484</xmax><ymax>435.76882383697335</ymax></bndbox></object></annotations>