<annotations><filename>left0580.jpg</filename><folder>images</folder><size><width>800</width><height>600</height><depth>3</depth></size><object><name /><pose>Unspecified</pose><truncated>0</truncated><difficult>0</difficult><bndbox><xmin>85.24249799617985</xmin><ymin>299.3043763722369</ymin><xmax>137.2289541732223</xmax><ymax>418.75854957316164</ymax></bndbox></object><object><name /><pose>Unspecified</pose><truncated>0</truncated><difficult>0</difficult><bndbox><xmin>324.9153511065152</xmin><ymin>310.38972364528286</ymin><xmax>381.6799742115946</xmax><ymax>438.0623439624311</ymax></bndbox></object><object><name /><pose>Unspecified</pose><truncated>0</truncated><difficult>0</difficult><bndbox><xmin>558.0898971947202</xmin><ymin>316.88803066741303</ymin><xmax>611.796493465856</xmax><ymax>441.12037079637474</ymax></bndbox></object></annotations>