<annotations><filename>left0464.jpg</filename><folder>images</folder><size><width>800</width><height>600</height><depth>3</depth></size><object><name /><pose>Unspecified</pose><truncated>0</truncated><difficult>0</difficult><bndbox><xmin>358.93589963413854</xmin><ymin>567.8373577279157</ymin><xmax>369.8301202300628</xmax><ymax>592.8749524308295</ymax></bndbox></object><object><name /><pose>Unspecified</pose><truncated>0</truncated><difficult>0</difficult><bndbox><xmin>411.4957358425454</xmin><ymin>569.5574978220089</ymin><xmax>421.4343230528623</xmax><ymax>592.1104457223436</ymax></bndbox></object><object><name /><pose>Unspecified</pose><truncated>0</truncated><difficult>0</difficult><bndbox><xmin>460.8064185398871</xmin><ymin>572.4243979788312</ymin><xmax>472.0828924900544</xmax><ymax>594.5950925249228</ymax></bndbox></object></annotations>