<annotations><filename>left0476.jpg</filename><folder>images</folder><size><width>800</width><height>600</height><depth>3</depth></size><object><name /><pose>Unspecified</pose><truncated>0</truncated><difficult>0</difficult><bndbox><xmin>234.32130615093388</xmin><ymin>555.0318703607765</ymin><xmax>248.84693361216637</xmax><ymax>585.4210120230917</ymax></bndbox></object><object><name /><pose>Unspecified</pose><truncated>0</truncated><difficult>0</difficult><bndbox><xmin>294.143956089957</xmin><ymin>557.3253904862343</ymin><xmax>306.1849367486102</xmax><ymax>587.7145321485496</ymax></bndbox></object><object><name /><pose>Unspecified</pose><truncated>0</truncated><difficult>0</difficult><bndbox><xmin>349.7618191323075</xmin><ymin>558.0898971947202</ymin><xmax>364.0963199164184</xmax><ymax>589.8169255968858</ymax></bndbox></object></annotations>