<annotations><filename>left0552.jpg</filename><folder>images</folder><size><width>800</width><height>600</height><depth>3</depth></size><object><name>name</name><pose>Unspecified</pose><truncated>0</truncated><difficult>0</difficult><bndbox><xmin>146.97641470641776</xmin><ymin>363.905193239297</ymin><xmax>183.8638633908633</xmax><ymax>460.23303850852267</ymax></bndbox></object><object><name>name</name><pose>Unspecified</pose><truncated>0</truncated><difficult>0</difficult><bndbox><xmin>334.66281163971064</xmin><ymin>374.60828715809987</ymin><xmax>374.60828715809987</xmax><ymax>471.89176581293293</ymax></bndbox></object><object><name>name</name><pose>Unspecified</pose><truncated>0</truncated><difficult>0</difficult><bndbox><xmin>523.6870953128539</xmin><ymin>383.4001143056879</ymin><xmax>562.2946840913926</xmax><ymax>474.94979264687663</ymax></bndbox></object></annotations>