<annotations><filename>left0435.jpg</filename><folder>images</folder><size><width>800</width><height>600</height><depth>3</depth></size><object><name /><pose>Unspecified</pose><truncated>0</truncated><difficult>0</difficult><bndbox><xmin>137.61120752746524</xmin><ymin>581.4073518035408</ymin><xmax>147.54979473778218</xmax><ymax>595.5507259105303</ymax></bndbox></object><object><name /><pose>Unspecified</pose><truncated>0</truncated><difficult>0</difficult><bndbox><xmin>177.365556368733</xmin><ymin>581.2162251264192</ymin><xmax>186.53963687056398</xmax><ymax>598.7998794215953</ymax></bndbox></object><object><name /><pose>Unspecified</pose><truncated>0</truncated><difficult>0</difficult><bndbox><xmin>215.39976511590743</xmin><ymin>583.1274918976342</ymin><xmax>224.95609897198136</xmax><ymax>599.1821327758382</ymax></bndbox></object></annotations>