<annotations><filename>left0592.jpg</filename><folder>images</folder><size><width>800</width><height>600</height><depth>3</depth></size><object><name /><pose>Unspecified</pose><truncated>0</truncated><difficult>0</difficult><bndbox><xmin>67.08546366963932</xmin><ymin>255.34524063429672</ymin><xmax>115.82276633561659</xmax><ymax>385.6936344311457</ymax></bndbox></object><object><name /><pose>Unspecified</pose><truncated>0</truncated><difficult>0</difficult><bndbox><xmin>324.9153511065151</xmin><ymin>267.9596013243143</ymin><xmax>379.7687074403798</xmax><ymax>398.1168684440418</ymax></bndbox></object><object><name /><pose>Unspecified</pose><truncated>0</truncated><difficult>0</difficult><bndbox><xmin>579.5200000000002</xmin><ymin>280.32000000000016</ymin><xmax>628.4800000000002</xmax><ymax>408.96000000000015</ymax></bndbox></object></annotations>