<annotations><filename>left0983.jpg</filename><folder>images</folder><size><width>800</width><height>600</height><depth>3</depth></size><object><name /><pose>Unspecified</pose><truncated>0</truncated><difficult>0</difficult><bndbox><xmin>201.42854056916227</xmin><ymin>493.2694879752231</ymin><xmax>226.36989417934117</xmax><ymax>543.4232968652567</ymax></bndbox></object><object><name /><pose>Unspecified</pose><truncated>0</truncated><difficult>0</difficult><bndbox><xmin>301.73615834922964</xmin><ymin>497.6071146900368</ymin><xmax>324.6442494368396</xmax><ymax>545.4565593878257</ymax></bndbox></object><object><name /><pose>Unspecified</pose><truncated>0</truncated><difficult>0</difficult><bndbox><xmin>400.4171661112419</xmin><ymin>500.5892330564712</ymin><xmax>418.58097797952433</xmax><ymax>549.3875335981256</ymax></bndbox></object></annotations>