<annotations><filename>left0459.jpg</filename><folder>images</folder><size><width>800</width><height>600</height><depth>3</depth></size><object><name /><pose>Unspecified</pose><truncated>0</truncated><difficult>0</difficult><bndbox><xmin>306.1849367486102</xmin><ymin>571.8510179474669</ymin><xmax>316.50577731317003</xmax><ymax>595.7418525876518</ymax></bndbox></object><object><name /><pose>Unspecified</pose><truncated>0</truncated><difficult>0</difficult><bndbox><xmin>351.4819592264008</xmin><ymin>572.6155246559526</ymin><xmax>364.28744659354004</xmax><ymax>594.5950925249228</ymax></bndbox></object><object><name /><pose>Unspecified</pose><truncated>0</truncated><difficult>0</difficult><bndbox><xmin>400.9837686008641</xmin><ymin>573.3800313644385</ymin><xmax>412.83362258239583</xmax><ymax>595.168472556287</ymax></bndbox></object></annotations>