<annotations><filename>left0603.jpg</filename><folder>images</folder><size><width>800</width><height>600</height><depth>3</depth></size><object><name /><pose>Unspecified</pose><truncated>0</truncated><difficult>0</difficult><bndbox><xmin>43.12056737588654</xmin><ymin>223.31914893617028</ymin><xmax>97.58865248226954</xmax><ymax>365.163120567376</ymax></bndbox></object><object><name /><pose>Unspecified</pose><truncated>0</truncated><difficult>0</difficult><bndbox><xmin>323.404255319149</xmin><ymin>239.2056737588653</ymin><xmax>384.0000000000001</xmax><ymax>375.1489361702129</ymax></bndbox></object><object><name /><pose>Unspecified</pose><truncated>0</truncated><difficult>0</difficult><bndbox><xmin>592.1134751773052</xmin><ymin>255.31914893617028</ymin><xmax>651.1205673758868</xmax><ymax>387.8581560283689</ymax></bndbox></object></annotations>