<annotations><filename>left0036.jpg</filename><folder>images</folder><size><width>800</width><height>600</height><depth>3</depth></size><object><name /><pose>Unspecified</pose><truncated>0</truncated><difficult>0</difficult><bndbox><xmin>-0.6400000000000006</xmin><ymin>19.519999999999996</ymin><xmax>43.84</xmax><ymax>232.0</ymax></bndbox></object><object><name /><pose>Unspecified</pose><truncated>0</truncated><difficult>0</difficult><bndbox><xmin>382.4000000000001</xmin><ymin>22.08</ymin><xmax>482.2400000000001</xmax><ymax>241.28000000000003</ymax></bndbox></object></annotations>