<annotations><filename>left0608.jpg</filename><folder>images</folder><size><width>800</width><height>600</height><depth>3</depth></size><object><name /><pose>Unspecified</pose><truncated>0</truncated><difficult>0</difficult><bndbox><xmin>37.446808510638306</xmin><ymin>220.36879432624121</ymin><xmax>95.31914893617025</xmax><ymax>361.9858156028371</ymax></bndbox></object><object><name /><pose>Unspecified</pose><truncated>0</truncated><difficult>0</difficult><bndbox><xmin>320.6808510638299</xmin><ymin>233.53191489361708</ymin><xmax>380.82269503546115</xmax><ymax>377.1914893617022</ymax></bndbox></object><object><name /><pose>Unspecified</pose><truncated>0</truncated><difficult>0</difficult><bndbox><xmin>598.921985815603</xmin><ymin>252.82269503546115</ymin><xmax>654.7517730496456</xmax><ymax>386.72340425531934</ymax></bndbox></object></annotations>