<annotations><filename>left0601.jpg</filename><folder>images</folder><size><width>800</width><height>600</height><depth>3</depth></size><object><name /><pose>Unspecified</pose><truncated>0</truncated><difficult>0</difficult><bndbox><xmin>36.085106382978736</xmin><ymin>226.72340425531922</ymin><xmax>96.68085106382982</xmax><ymax>366.07092198581574</ymax></bndbox></object><object><name /><pose>Unspecified</pose><truncated>0</truncated><difficult>0</difficult><bndbox><xmin>319.7730496453902</xmin><ymin>239.43262411347524</ymin><xmax>386.95035460992915</xmax><ymax>385.8156028368796</ymax></bndbox></object><object><name /><pose>Unspecified</pose><truncated>0</truncated><difficult>0</difficult><bndbox><xmin>587.3475177304967</xmin><ymin>250.3262411347518</ymin><xmax>655.6595744680853</xmax><ymax>395.80141843971643</ymax></bndbox></object></annotations>