<annotations><filename>left0594.jpg</filename><folder>images</folder><size><width>800</width><height>600</height><depth>3</depth></size><object><name /><pose>Unspecified</pose><truncated>0</truncated><difficult>0</difficult><bndbox><xmin>57.872340425531945</xmin><ymin>249.1914893617022</ymin><xmax>113.02127659574472</xmax><ymax>379.00709219858163</ymax></bndbox></object><object><name /><pose>Unspecified</pose><truncated>0</truncated><difficult>0</difficult><bndbox><xmin>324.3120567375888</xmin><ymin>262.35460992907815</ymin><xmax>373.5602836879434</xmax><ymax>390.35460992907815</ymax></bndbox></object><object><name /><pose>Unspecified</pose><truncated>0</truncated><difficult>0</difficult><bndbox><xmin>582.1276595744683</xmin><ymin>275.06382978723406</ymin><xmax>633.1914893617023</xmax><ymax>402.3829787234044</ymax></bndbox></object></annotations>