<annotations><filename>left0570.jpg</filename><folder>images</folder><size><width>800</width><height>600</height><depth>3</depth></size><object><name /><pose>Unspecified</pose><truncated>0</truncated><difficult>0</difficult><bndbox><xmin>88.87390486148799</xmin><ymin>297.39310960102205</ymin><xmax>138.56684091307267</xmax><ymax>424.11009653256303</ymax></bndbox></object><object><name /><pose>Unspecified</pose><truncated>0</truncated><difficult>0</difficult><bndbox><xmin>330.2668980659166</xmin><ymin>312.87437044786196</ymin><xmax>380.72434082598716</xmax><ymax>425.83023662665636</ymax></bndbox></object><object><name /><pose>Unspecified</pose><truncated>0</truncated><difficult>0</difficult><bndbox><xmin>559.8100372888135</xmin><ymin>324.3419710751508</ymin><xmax>609.3118466632767</xmax><ymax>441.3114974734963</ymax></bndbox></object></annotations>