<annotations><filename>left0526.jpg</filename><folder>images</folder><size><width>800</width><height>600</height><depth>3</depth></size><object><name /><pose>Unspecified</pose><truncated>0</truncated><difficult>0</difficult><bndbox><xmin>302.935783237545</xmin><ymin>471.5095124586899</ymin><xmax>330.2668980659166</xmax><ymax>530.1854023349842</ymax></bndbox></object><object><name /><pose>Unspecified</pose><truncated>0</truncated><difficult>0</difficult><bndbox><xmin>412.4513692281529</xmin><ymin>474.37641261551215</ymin><xmax>447.2364244642621</xmax><ymax>532.2877957833205</ymax></bndbox></object><object><name /><pose>Unspecified</pose><truncated>0</truncated><difficult>0</difficult><bndbox><xmin>530.1854023349842</xmin><ymin>478.7723261893063</ymin><xmax>559.4277839345705</xmax><ymax>535.3458226172642</ymax></bndbox></object></annotations>