<annotations><filename>left0583.jpg</filename><folder>images</folder><size><width>800</width><height>600</height><depth>3</depth></size><object><name /><pose>Unspecified</pose><truncated>0</truncated><difficult>0</difficult><bndbox><xmin>82.75785119360063</xmin><ymin>296.4374762154147</ymin><xmax>131.4951538595779</xmax><ymax>415.8916494163394</ymax></bndbox></object><object><name /><pose>Unspecified</pose><truncated>0</truncated><difficult>0</difficult><bndbox><xmin>325.10647778363665</xmin><ymin>309.4340902596754</ymin><xmax>377.47518731492204</xmax><ymax>420.860943021498</ymax></bndbox></object><object><name /><pose>Unspecified</pose><truncated>0</truncated><difficult>0</difficult><bndbox><xmin>562.1035574142712</xmin><ymin>315.7412706046842</ymin><xmax>608.1650866005479</xmax><ymax>436.7244572225807</ymax></bndbox></object></annotations>