<annotations><filename>left0521.jpg</filename><folder>images</folder><size><width>800</width><height>600</height><depth>3</depth></size><object><name /><pose>Unspecified</pose><truncated>0</truncated><difficult>0</difficult><bndbox><xmin>200.87413765467497</xmin><ymin>481.2569729918854</ymin><xmax>224.9560989719814</xmax><ymax>528.6563889180123</ymax></bndbox></object><object><name /><pose>Unspecified</pose><truncated>0</truncated><difficult>0</difficult><bndbox><xmin>312.30099041649754</xmin><ymin>483.5504931173432</ymin><xmax>333.51605157698174</xmax><ymax>533.8168092002923</ymax></bndbox></object><object><name /><pose>Unspecified</pose><truncated>0</truncated><difficult>0</difficult><bndbox><xmin>420.860943021498</xmin><ymin>488.5197867225017</ymin><xmax>441.50262415061775</xmax><ymax>538.9772294825723</ymax></bndbox></object></annotations>