<annotations><filename>left0620.jpg</filename><folder>images</folder><size><width>800</width><height>600</height><depth>3</depth></size><object><name /><pose>Unspecified</pose><truncated>0</truncated><difficult>0</difficult><bndbox><xmin>21.56028368794327</xmin><ymin>204.9361702127661</ymin><xmax>87.37588652482272</xmax><ymax>331.57446808510656</ymax></bndbox></object><object><name /><pose>Unspecified</pose><truncated>0</truncated><difficult>0</difficult><bndbox><xmin>322.26950354609943</xmin><ymin>220.3687943262412</ymin><xmax>378.099290780142</xmax><ymax>366.07092198581574</ymax></bndbox></object><object><name /><pose>Unspecified</pose><truncated>0</truncated><difficult>0</difficult><bndbox><xmin>604.822695035461</xmin><ymin>238.5248226950355</ymin><xmax>659.5177304964541</xmax><ymax>376.0567375886526</ymax></bndbox></object></annotations>