<annotations><filename>left0481.jpg</filename><folder>images</folder><size><width>800</width><height>600</height><depth>3</depth></size><object><name /><pose>Unspecified</pose><truncated>0</truncated><difficult>0</difficult><bndbox><xmin>227.44074577456064</xmin><ymin>548.9158166928892</ymin><xmax>241.0107398501857</xmax><ymax>579.113831678083</ymax></bndbox></object><object><name /><pose>Unspecified</pose><truncated>0</truncated><difficult>0</difficult><bndbox><xmin>288.2190290991911</xmin><ymin>551.59159017259</ymin><xmax>303.89141662315245</xmax><ymax>583.3186185747556</ymax></bndbox></object><object><name /><pose>Unspecified</pose><truncated>0</truncated><difficult>0</difficult><bndbox><xmin>349.18843910094307</xmin><ymin>555.9875037463839</ymin><xmax>364.47857327066146</xmax><ymax>585.4210120230919</ymax></bndbox></object></annotations>