<annotations><filename>left0525.jpg</filename><folder>images</folder><size><width>800</width><height>600</height><depth>3</depth></size><object><name /><pose>Unspecified</pose><truncated>0</truncated><difficult>0</difficult><bndbox><xmin>280.191708660089</xmin><ymin>474.3764126155122</ymin><xmax>307.1405701342176</xmax><ymax>531.7144157519562</ymax></bndbox></object><object><name /><pose>Unspecified</pose><truncated>0</truncated><difficult>0</difficult><bndbox><xmin>391.42743474479</xmin><ymin>476.8610594180914</ymin><xmax>419.71418295876896</xmax><ymax>537.8304694198433</ymax></bndbox></object><object><name /><pose>Unspecified</pose><truncated>0</truncated><difficult>0</difficult><bndbox><xmin>501.51640076676233</xmin><ymin>479.3457062206707</ymin><xmax>535.9192026486286</xmax><ymax>536.6837093571146</ymax></bndbox></object></annotations>