<annotations><filename>left0618.jpg</filename><folder>images</folder><size><width>800</width><height>600</height><depth>3</depth></size><object><name /><pose>Unspecified</pose><truncated>0</truncated><difficult>0</difficult><bndbox><xmin>26.099290780141857</xmin><ymin>209.70212765957456</ymin><xmax>88.05673758865251</xmax><ymax>350.63829787234056</ymax></bndbox></object><object><name /><pose>Unspecified</pose><truncated>0</truncated><difficult>0</difficult><bndbox><xmin>318.8652482269505</xmin><ymin>222.86524822695043</ymin><xmax>382.63829787234056</xmax><ymax>362.21276595744695</ymax></bndbox></object><object><name /><pose>Unspecified</pose><truncated>0</truncated><difficult>0</difficult><bndbox><xmin>604.5957446808513</xmin><ymin>240.11347517730508</ymin><xmax>667.9148936170216</xmax><ymax>374.4680851063831</ymax></bndbox></object></annotations>