<annotations><filename>left0475.jpg</filename><folder>images</folder><size><width>800</width><height>600</height><depth>3</depth></size><object><name /><pose>Unspecified</pose><truncated>0</truncated><difficult>0</difficult><bndbox><xmin>236.2325729221487</xmin><ymin>558.854403903206</ymin><xmax>248.4646802579234</xmax><ymax>582.745238543391</ymax></bndbox></object><object><name /><pose>Unspecified</pose><truncated>0</truncated><difficult>0</difficult><bndbox><xmin>293.57057605859256</xmin><ymin>560.383417320178</ymin><xmax>306.56719010285315</xmax><ymax>583.509745251877</ymax></bndbox></object><object><name /><pose>Unspecified</pose><truncated>0</truncated><difficult>0</difficult><bndbox><xmin>353.0109726433726</xmin><ymin>561.9124307371499</ymin><xmax>367.91885345884805</xmax><ymax>589.6257989197645</ymax></bndbox></object></annotations>