<annotations><filename>left0495.jpg</filename><folder>images</folder><size><width>800</width><height>600</height><depth>3</depth></size><object><name /><pose>Unspecified</pose><truncated>0</truncated><difficult>0</difficult><bndbox><xmin>197.8161108207313</xmin><ymin>529.6120223036196</ymin><xmax>214.25300505317853</xmax><ymax>563.8236975083646</ymax></bndbox></object><object><name /><pose>Unspecified</pose><truncated>0</truncated><difficult>0</difficult><bndbox><xmin>272.54664157522984</xmin><ymin>529.9942756578625</ymin><xmax>290.1302958704059</xmax><ymax>565.7349642795793</ymax></bndbox></object><object><name /><pose>Unspecified</pose><truncated>0</truncated><difficult>0</difficult><bndbox><xmin>349.188439100943</xmin><ymin>534.3901892316567</ymin><xmax>363.33181320793256</xmax><ymax>567.6462310507941</ymax></bndbox></object></annotations>