<annotations><filename>left0571.jpg</filename><folder>images</folder><size><width>800</width><height>600</height><depth>3</depth></size><object><name /><pose>Unspecified</pose><truncated>0</truncated><difficult>0</difficult><bndbox><xmin>82.9489778707221</xmin><ymin>299.6866297264799</ymin><xmax>144.30064122671703</xmax><ymax>421.8165764071053</ymax></bndbox></object><object><name /><pose>Unspecified</pose><truncated>0</truncated><difficult>0</difficult><bndbox><xmin>326.444364523487</xmin><ymin>311.1542303537686</ymin><xmax>378.0485673462864</xmax><ymax>425.83023662665636</ymax></bndbox></object><object><name /><pose>Unspecified</pose><truncated>0</truncated><difficult>0</difficult><bndbox><xmin>557.8987705175987</xmin><ymin>320.90169088696405</ymin><xmax>613.7077602370707</xmax><ymax>439.97361073364584</ymax></bndbox></object></annotations>