<annotations><filename>left0568.jpg</filename><folder>images</folder><size><width>800</width><height>600</height><depth>3</depth></size><object><name>name</name><pose>Unspecified</pose><truncated>0</truncated><difficult>0</difficult><bndbox><xmin>84.28686461057245</xmin><ymin>299.87775640360144</ymin><xmax>138.1845875588297</xmax><ymax>417.8029161875543</ymax></bndbox></object><object><name>name</name><pose>Unspecified</pose><truncated>0</truncated><difficult>0</difficult><bndbox><xmin>325.4887311378796</xmin><ymin>307.5228234884605</ymin><xmax>380.53321414886574</xmax><ymax>433.28417703439413</ymax></bndbox></object><object><name>name</name><pose>Unspecified</pose><truncated>0</truncated><difficult>0</difficult><bndbox><xmin>555.9875037463839</xmin><ymin>319.56380414711373</ymin><xmax>610.6497334031269</xmax><ymax>438.44459731667405</ymax></bndbox></object></annotations>