<annotations><filename>left0591.jpg</filename><folder>images</folder><size><width>800</width><height>600</height><depth>3</depth></size><object><name /><pose>Unspecified</pose><truncated>0</truncated><difficult>0</difficult><bndbox><xmin>66.51208363827487</xmin><ymin>265.8572078759781</ymin><xmax>116.20501968985954</xmax><ymax>391.23630806766863</ymax></bndbox></object><object><name /><pose>Unspecified</pose><truncated>0</truncated><difficult>0</difficult><bndbox><xmin>325.2976044607581</xmin><ymin>273.12002160659415</ymin><xmax>381.6799742115946</xmax><ymax>399.64588186101366</ymax></bndbox></object><object><name /><pose>Unspecified</pose><truncated>0</truncated><difficult>0</difficult><bndbox><xmin>573.1889046873171</xmin><ymin>282.29410210842525</ymin><xmax>620.3971939363225</xmax><ymax>405.9530622060224</ymax></bndbox></object></annotations>