<annotations><filename>left0469.jpg</filename><folder>images</folder><size><width>800</width><height>600</height><depth>3</depth></size><object><name /><pose>Unspecified</pose><truncated>0</truncated><difficult>0</difficult><bndbox><xmin>256.30087401990403</xmin><ymin>561.5301773829068</ymin><xmax>268.91523470992166</xmax><ymax>585.9943920544562</ymax></bndbox></object><object><name /><pose>Unspecified</pose><truncated>0</truncated><difficult>0</difficult><bndbox><xmin>309.0518369054323</xmin><ymin>562.8680641227572</ymin><xmax>322.8129576581789</xmax><ymax>588.6701655341571</ymax></bndbox></object><object><name /><pose>Unspecified</pose><truncated>0</truncated><difficult>0</difficult><bndbox><xmin>363.905193239297</xmin><ymin>564.397077539729</ymin><xmax>376.32842725219325</xmax><ymax>590.1991789511287</ymax></bndbox></object></annotations>