<annotations><filename>left0599.jpg</filename><folder>images</folder><size><width>800</width><height>600</height><depth>3</depth></size><object><name /><pose>Unspecified</pose><truncated>0</truncated><difficult>0</difficult><bndbox><xmin>46.52482269503547</xmin><ymin>229.90070921985821</ymin><xmax>102.8085106382979</xmax><ymax>366.97872340425545</ymax></bndbox></object><object><name /><pose>Unspecified</pose><truncated>0</truncated><difficult>0</difficult><bndbox><xmin>321.8156028368795</xmin><ymin>242.8368794326242</ymin><xmax>381.50354609929093</xmax><ymax>383.0921985815604</ymax></bndbox></object><object><name /><pose>Unspecified</pose><truncated>0</truncated><difficult>0</difficult><bndbox><xmin>588.4822695035463</xmin><ymin>258.04255319148945</ymin><xmax>644.9929078014187</xmax><ymax>390.808510638298</ymax></bndbox></object></annotations>