<annotations><filename>left0472.jpg</filename><folder>images</folder><size><width>800</width><height>600</height><depth>3</depth></size><object><name /><pose>Unspecified</pose><truncated>0</truncated><difficult>0</difficult><bndbox><xmin>244.64214671549377</xmin><ymin>557.8987705175987</ymin><xmax>255.53636731141813</xmax><ymax>583.8919986061201</ymax></bndbox></object><object><name /><pose>Unspecified</pose><truncated>0</truncated><difficult>0</difficult><bndbox><xmin>299.3043763722369</xmin><ymin>562.4858107685142</ymin><xmax>311.72761038513306</xmax><ymax>586.3766454086991</ymax></bndbox></object><object><name /><pose>Unspecified</pose><truncated>0</truncated><difficult>0</difficult><bndbox><xmin>354.92223941458747</xmin><ymin>562.1035574142711</ymin><xmax>367.3454734274836</xmax><ymax>587.3322787943066</ymax></bndbox></object></annotations>