<annotations><filename>left0564.jpg</filename><folder>images</folder><size><width>800</width><height>600</height><depth>3</depth></size><object><name>name</name><pose>Unspecified</pose><truncated>0</truncated><difficult>0</difficult><bndbox><xmin>96.51897194634716</xmin><ymin>307.33169681133904</ymin><xmax>145.25627461232443</xmax><ymax>422.7722097927127</ymax></bndbox></object><object><name>name</name><pose>Unspecified</pose><truncated>0</truncated><difficult>0</difficult><bndbox><xmin>328.9290113260662</xmin><ymin>320.5194375327212</ymin><xmax>375.9461738979502</xmax><ymax>433.28417703439413</ymax></bndbox></object><object><name>name</name><pose>Unspecified</pose><truncated>0</truncated><difficult>0</difficult><bndbox><xmin>555.7963770692625</xmin><ymin>331.222531451524</ymin><xmax>601.6667795784176</xmax><ymax>440.9292441192533</ymax></bndbox></object></annotations>