<annotations><filename>left0622.jpg</filename><folder>images</folder><size><width>800</width><height>600</height><depth>3</depth></size><object><name /><pose>Unspecified</pose><truncated>0</truncated><difficult>0</difficult><bndbox><xmin>16.113475177304963</xmin><ymin>201.75886524822704</ymin><xmax>81.47517730496455</xmax><ymax>344.2836879432625</ymax></bndbox></object><object><name /><pose>Unspecified</pose><truncated>0</truncated><difficult>0</difficult><bndbox><xmin>313.41843971631215</xmin><ymin>220.3687943262412</ymin><xmax>388.9929078014186</xmax><ymax>366.97872340425545</ymax></bndbox></object><object><name /><pose>Unspecified</pose><truncated>0</truncated><difficult>0</difficult><bndbox><xmin>605.276595744681</xmin><ymin>232.17021276595756</ymin><xmax>663.3758865248229</xmax><ymax>377.6453900709222</ymax></bndbox></object></annotations>