<annotations><filename>left0503.jpg</filename><folder>images</folder><size><width>800</width><height>600</height><depth>3</depth></size><object><name /><pose>Unspecified</pose><truncated>0</truncated><difficult>0</difficult><bndbox><xmin>71.29025056631185</xmin><ymin>510.3082279143503</ymin><xmax>90.40291827845981</xmax><ymax>554.458490329412</ymax></bndbox></object><object><name /><pose>Unspecified</pose><truncated>0</truncated><difficult>0</difficult><bndbox><xmin>156.7238752396132</xmin><ymin>513.7485081025369</ymin><xmax>174.88090956615375</xmax><ymax>554.840743683655</ymax></bndbox></object><object><name /><pose>Unspecified</pose><truncated>0</truncated><difficult>0</difficult><bndbox><xmin>241.58411988155007</xmin><ymin>515.6597748737519</ymin><xmax>261.079040947941</xmax><ymax>558.6632772260847</ymax></bndbox></object></annotations>