<annotations><filename>left0502.jpg</filename><folder>images</folder><size><width>800</width><height>600</height><depth>3</depth></size><object><name /><pose>Unspecified</pose><truncated>0</truncated><difficult>0</difficult><bndbox><xmin>78.74419097404956</xmin><ymin>512.4106213626866</ymin><xmax>94.22545182088942</xmax><ymax>554.840743683655</ymax></bndbox></object><object><name /><pose>Unspecified</pose><truncated>0</truncated><difficult>0</difficult><bndbox><xmin>163.2221822617435</xmin><ymin>516.6154082593591</ymin><xmax>179.46794981706927</xmax><ymax>555.222997037898</ymax></bndbox></object><object><name /><pose>Unspecified</pose><truncated>0</truncated><difficult>0</difficult><bndbox><xmin>246.17116013246564</xmin><ymin>518.3355483534524</ymin><xmax>263.18143439627727</xmax><ymax>559.4277839345707</ymax></bndbox></object></annotations>