<annotations><filename>left0460.jpg</filename><folder>images</folder><size><width>800</width><height>600</height><depth>3</depth></size><object><name /><pose>Unspecified</pose><truncated>0</truncated><difficult>0</difficult><bndbox><xmin>337.91196515077576</xmin><ymin>570.3220045304948</ymin><xmax>349.37956577806455</xmax><ymax>594.9773458791657</ymax></bndbox></object><object><name /><pose>Unspecified</pose><truncated>0</truncated><difficult>0</difficult><bndbox><xmin>386.07588778538855</xmin><ymin>571.4687645932237</ymin><xmax>398.4991217982848</xmax><ymax>594.7862192020442</ymax></bndbox></object><object><name /><pose>Unspecified</pose><truncated>0</truncated><difficult>0</difficult><bndbox><xmin>435.95995051409477</xmin><ymin>572.9977780101956</ymin><xmax>447.2364244642621</xmax><ymax>596.5063592961376</ymax></bndbox></object></annotations>