<annotations><filename>left0609.jpg</filename><folder>images</folder><size><width>800</width><height>600</height><depth>3</depth></size><object><name /><pose>Unspecified</pose><truncated>0</truncated><difficult>0</difficult><bndbox><xmin>31.773049645390085</xmin><ymin>214.46808510638306</ymin><xmax>86.69503546099294</xmax><ymax>348.8226950354611</ymax></bndbox></object><object><name /><pose>Unspecified</pose><truncated>0</truncated><difficult>0</difficult><bndbox><xmin>320.9078014184399</xmin><ymin>235.3475177304966</ymin><xmax>384.00000000000017</xmax><ymax>366.97872340425545</ymax></bndbox></object><object><name /><pose>Unspecified</pose><truncated>0</truncated><difficult>0</difficult><bndbox><xmin>599.6028368794329</xmin><ymin>250.5531914893618</ymin><xmax>651.3475177304966</xmax><ymax>379.23404255319167</ymax></bndbox></object></annotations>