<annotations><filename>left0600.jpg</filename><folder>images</folder><size><width>800</width><height>600</height><depth>3</depth></size><object><name /><pose>Unspecified</pose><truncated>0</truncated><difficult>0</difficult><bndbox><xmin>40.62411347517732</xmin><ymin>228.76595744680867</ymin><xmax>101.90070921985819</xmax><ymax>363.8014184397165</ymax></bndbox></object><object><name /><pose>Unspecified</pose><truncated>0</truncated><difficult>0</difficult><bndbox><xmin>322.04255319148945</xmin><ymin>243.74468085106395</ymin><xmax>377.8723404255321</xmax><ymax>379.46099290780154</ymax></bndbox></object><object><name /><pose>Unspecified</pose><truncated>0</truncated><difficult>0</difficult><bndbox><xmin>590.7517730496456</xmin><ymin>255.77304964539016</ymin><xmax>651.8014184397166</xmax><ymax>391.03546099290793</ymax></bndbox></object></annotations>