<annotations><filename>left0566.jpg</filename><folder>images</folder><size><width>800</width><height>600</height><depth>3</depth></size><object><name>name</name><pose>Unspecified</pose><truncated>0</truncated><difficult>0</difficult><bndbox><xmin>96.32784526922569</xmin><ymin>305.22930336300277</ymin><xmax>137.99346088170822</xmax><ymax>420.096436313012</ymax></bndbox></object><object><name>name</name><pose>Unspecified</pose><truncated>0</truncated><difficult>0</difficult><bndbox><xmin>329.5023913574306</xmin><ymin>316.50577731317003</ymin><xmax>383.4001143056879</xmax><ymax>428.50601010635705</ymax></bndbox></object><object><name>name</name><pose>Unspecified</pose><truncated>0</truncated><difficult>0</difficult><bndbox><xmin>555.605250392141</xmin><ymin>324.72422442939376</ymin><xmax>607.5917065691833</xmax><ymax>440.9292441192533</ymax></bndbox></object></annotations>