<annotations><filename>left0613.jpg</filename><folder>images</folder><size><width>800</width><height>600</height><depth>3</depth></size><object><name /><pose>Unspecified</pose><truncated>0</truncated><difficult>0</difficult><bndbox><xmin>32.000000000000014</xmin><ymin>212.42553191489372</ymin><xmax>88.7375886524823</xmax><ymax>356.99290780141854</ymax></bndbox></object><object><name /><pose>Unspecified</pose><truncated>0</truncated><difficult>0</difficult><bndbox><xmin>321.36170212765967</xmin><ymin>228.5390070921987</ymin><xmax>376.9645390070924</xmax><ymax>369.24822695035476</ymax></bndbox></object><object><name /><pose>Unspecified</pose><truncated>0</truncated><difficult>0</difficult><bndbox><xmin>598.2411347517733</xmin><ymin>243.74468085106395</ymin><xmax>661.5602836879435</xmax><ymax>379.46099290780154</ymax></bndbox></object></annotations>