<annotations><filename>left0543.jpg</filename><folder>images</folder><size><width>800</width><height>600</height><depth>3</depth></size><object><name>name</name><pose>Unspecified</pose><truncated>0</truncated><difficult>0</difficult><bndbox><xmin>172.96964279493898</xmin><ymin>413.2158759366387</ymin><xmax>204.50554451998312</xmax><ymax>490.0488001394735</ymax></bndbox></object><object><name>name</name><pose>Unspecified</pose><truncated>0</truncated><difficult>0</difficult><bndbox><xmin>327.01774455485145</xmin><ymin>420.09643631301196</ymin><xmax>362.3761798223252</xmax><ymax>498.6495006099401</ymax></bndbox></object><object><name>name</name><pose>Unspecified</pose><truncated>0</truncated><difficult>0</difficult><bndbox><xmin>478.3900728350633</xmin><ymin>426.9769966893854</ymin><xmax>512.6017480398081</xmax><ymax>505.91231434055635</ymax></bndbox></object></annotations>