<annotations><filename>left0522.jpg</filename><folder>images</folder><size><width>800</width><height>600</height><depth>3</depth></size><object><name /><pose>Unspecified</pose><truncated>0</truncated><difficult>0</difficult><bndbox><xmin>200.87413765467494</xmin><ymin>478.5811995121847</ymin><xmax>224.38271894061688</xmax><ymax>530.5676556892271</ymax></bndbox></object><object><name /><pose>Unspecified</pose><truncated>0</truncated><difficult>0</difficult><bndbox><xmin>310.38972364528274</xmin><ymin>481.2569729918854</ymin><xmax>336.19182505668243</xmax><ymax>538.0215960969648</ymax></bndbox></object><object><name /><pose>Unspecified</pose><truncated>0</truncated><difficult>0</difficult><bndbox><xmin>418.75854957316164</xmin><ymin>487.3730266597728</ymin><xmax>441.8848775048607</xmax><ymax>544.7110297962166</ymax></bndbox></object></annotations>