<annotations><filename>left0492.jpg</filename><folder>images</folder><size><width>800</width><height>600</height><depth>3</depth></size><object><name /><pose>Unspecified</pose><truncated>0</truncated><difficult>0</difficult><bndbox><xmin>204.12329116574006</xmin><ymin>533.2434291689278</ymin><xmax>221.13356542955177</xmax><ymax>570.5131312076164</ymax></bndbox></object><object><name /><pose>Unspecified</pose><truncated>0</truncated><difficult>0</difficult><bndbox><xmin>275.9869217634165</xmin><ymin>535.3458226172643</ymin><xmax>294.33508276707846</xmax><ymax>573.953411395803</ymax></bndbox></object><object><name /><pose>Unspecified</pose><truncated>0</truncated><difficult>0</difficult><bndbox><xmin>348.4239323924571</xmin><ymin>538.4038494512077</ymin><xmax>364.09631991641845</xmax><ymax>575.1001714585319</ymax></bndbox></object></annotations>