<annotations><filename>left0480.jpg</filename><folder>images</folder><size><width>800</width><height>600</height><depth>3</depth></size><object><name /><pose>Unspecified</pose><truncated>0</truncated><difficult>0</difficult><bndbox><xmin>229.35201254577538</xmin><ymin>552.5472235581973</ymin><xmax>243.87764000700787</xmax><ymax>581.7896051577837</ymax></bndbox></object><object><name /><pose>Unspecified</pose><truncated>0</truncated><difficult>0</difficult><bndbox><xmin>290.70367590177034</xmin><ymin>553.5028569438047</ymin><xmax>304.27366997739546</xmax><ymax>582.9363652205126</ymax></bndbox></object><object><name /><pose>Unspecified</pose><truncated>0</truncated><difficult>0</difficult><bndbox><xmin>350.33519916367203</xmin><ymin>557.5165171633557</ymin><xmax>364.66969994778293</xmax><ymax>585.0387586688489</ymax></bndbox></object></annotations>