<annotations><filename>left0003.jpg</filename><folder>images</folder><size><width>800</width><height>600</height><depth>3</depth></size><object><name>name</name><pose>Unspecified</pose><truncated>0</truncated><difficult>0</difficult><bndbox><xmin>130.4964539007092</xmin><ymin>289.36170212765956</ymin><xmax>183.14893617021275</xmax><ymax>408.9645390070922</ymax></bndbox></object><object><name>name</name><pose>Unspecified</pose><truncated>0</truncated><difficult>0</difficult><bndbox><xmin>375.6028368794327</xmin><ymin>293.90070921985813</ymin><xmax>425.758865248227</xmax><ymax>415.77304964539013</ymax></bndbox></object><object><name>name</name><pose>Unspecified</pose><truncated>0</truncated><difficult>0</difficult><bndbox><xmin>623.6595744680851</xmin><ymin>297.758865248227</ymin><xmax>676.9929078014184</xmax><ymax>417.58865248226954</ymax></bndbox></object></annotations>