<annotations><filename>left0508.jpg</filename><folder>images</folder><size><width>800</width><height>600</height><depth>3</depth></size><object><name /><pose>Unspecified</pose><truncated>0</truncated><difficult>0</difficult><bndbox><xmin>204.5055445199831</xmin><ymin>507.25020108040667</ymin><xmax>224.9560989719814</xmax><ymax>551.7827168497115</ymax></bndbox></object><object><name /><pose>Unspecified</pose><truncated>0</truncated><difficult>0</difficult><bndbox><xmin>298.92212301799395</xmin><ymin>508.9703411745</ymin><xmax>315.74127060468413</xmax><ymax>554.8407436836551</ymax></bndbox></object><object><name /><pose>Unspecified</pose><truncated>0</truncated><difficult>0</difficult><bndbox><xmin>388.5605345879679</xmin><ymin>510.1171012372288</ymin><xmax>404.80630214329364</xmax><ymax>556.5608837777484</ymax></bndbox></object></annotations>