<annotations><filename>left0536.jpg</filename><folder>images</folder><size><width>800</width><height>600</height><depth>3</depth></size><object><name>name</name><pose>Unspecified</pose><truncated>0</truncated><difficult>0</difficult><bndbox><xmin>76.83292420283475</xmin><ymin>436.72445722258067</ymin><xmax>105.31079909393522</xmax><ymax>504.5744276007059</ymax></bndbox></object><object><name>name</name><pose>Unspecified</pose><truncated>0</truncated><difficult>0</difficult><bndbox><xmin>212.91511831332815</xmin><ymin>441.6937508277392</ymin><xmax>244.64214671549377</xmax><ymax>510.49935459147184</ymax></bndbox></object><object><name>name</name><pose>Unspecified</pose><truncated>0</truncated><difficult>0</difficult><bndbox><xmin>346.5126656212424</xmin><ymin>446.85417111001914</ymin><xmax>374.79941383522134</xmax><ymax>512.984001394051</ymax></bndbox></object></annotations>