<annotations><filename>left0451.jpg</filename><folder>images</folder><size><width>800</width><height>600</height><depth>3</depth></size><object><name /><pose>Unspecified</pose><truncated>0</truncated><difficult>0</difficult><bndbox><xmin>65.17419689842453</xmin><ymin>571.0865112389811</ymin><xmax>75.68616414010589</xmax><ymax>593.066079107951</ymax></bndbox></object><object><name /><pose>Unspecified</pose><truncated>0</truncated><difficult>0</difficult><bndbox><xmin>109.70671266772924</xmin><ymin>571.0865112389808</ymin><xmax>119.4541732009247</xmax><ymax>594.2128391706799</ymax></bndbox></object></annotations>