<annotations><filename>left0430.jpg</filename><folder>images</folder><size><width>800</width><height>600</height><depth>3</depth></size><object><name /><pose>Unspecified</pose><truncated>0</truncated><difficult>0</difficult><bndbox><xmin>478.6117797805241</xmin><ymin>590.9885321276402</ymin><xmax>487.50490406698646</xmax><ymax>598.264724725655</ymax></bndbox></object><object><name /><pose>Unspecified</pose><truncated>0</truncated><difficult>0</difficult><bndbox><xmin>516.3401858443042</xmin><ymin>591.5275093571229</ymin><xmax>523.8858670570601</xmax><ymax>599.3426791846202</ymax></bndbox></object><object><name /><pose>Unspecified</pose><truncated>0</truncated><difficult>0</difficult><bndbox><xmin>552.4516602196363</xmin><ymin>593.1444410455708</ymin><xmax>561.6142731208402</xmax><ymax>599.073190569879</ymax></bndbox></object></annotations>