<annotations><filename>left0988.jpg</filename><folder>images</folder><size><width>800</width><height>600</height><depth>3</depth></size><object><name /><pose>Unspecified</pose><truncated>0</truncated><difficult>0</difficult><bndbox><xmin>180.2826103344454</xmin><ymin>471.31025273147867</ymin><xmax>206.44392145816562</xmax><ymax>529.4615608769502</ymax></bndbox></object><object><name /><pose>Unspecified</pose><truncated>0</truncated><difficult>0</difficult><bndbox><xmin>291.16319323187116</xmin><ymin>473.3435152540476</ymin><xmax>321.933232740081</xmax><ymax>531.2237217298433</ymax></bndbox></object><object><name /><pose>Unspecified</pose><truncated>0</truncated><difficult>0</difficult><bndbox><xmin>406.51695367894865</xmin><ymin>479.57885365659234</ymin><xmax>427.9339855833414</xmax><ymax>535.8324501143327</ymax></bndbox></object></annotations>