<annotations><filename>left0544.jpg</filename><folder>images</folder><size><width>800</width><height>600</height><depth>3</depth></size><object><name>name</name><pose>Unspecified</pose><truncated>0</truncated><difficult>0</difficult><bndbox><xmin>175.07203624327525</xmin><ymin>408.2465823314802</ymin><xmax>208.51920473953413</xmax><ymax>489.6665467852305</ymax></bndbox></object><object><name>name</name><pose>Unspecified</pose><truncated>0</truncated><difficult>0</difficult><bndbox><xmin>333.1337982227388</xmin><ymin>411.6868625196669</ymin><xmax>368.4922334902125</xmax><ymax>492.34232026493123</ymax></bndbox></object><object><name>name</name><pose>Unspecified</pose><truncated>0</truncated><difficult>0</difficult><bndbox><xmin>486.6085199512869</xmin><ymin>419.3319296045261</ymin><xmax>524.2604753442183</xmax><ymax>500.36964070403343</ymax></bndbox></object></annotations>