<annotations><filename>left0484.jpg</filename><folder>images</folder><size><width>800</width><height>600</height><depth>3</depth></size><object><name /><pose>Unspecified</pose><truncated>0</truncated><difficult>0</difficult><bndbox><xmin>220.56018539818734</xmin><ymin>543.7553964106093</ymin><xmax>236.23257292214868</xmax><ymax>577.967071615354</ymax></bndbox></object><object><name /><pose>Unspecified</pose><truncated>0</truncated><difficult>0</difficult><bndbox><xmin>285.7343822966119</xmin><ymin>546.4311698903098</ymin><xmax>301.21564314345176</xmax><ymax>580.2605917408118</ymax></bndbox></object><object><name /><pose>Unspecified</pose><truncated>0</truncated><difficult>0</difficult><bndbox><xmin>349.37956577806455</xmin><ymin>548.7246900157677</ymin><xmax>365.24307997914735</xmax><ymax>579.8783383865689</ymax></bndbox></object></annotations>