<annotations><filename>left0523.jpg</filename><folder>images</folder><size><width>800</width><height>600</height><depth>3</depth></size><object><name /><pose>Unspecified</pose><truncated>0</truncated><difficult>0</difficult><bndbox><xmin>193.2290705698158</xmin><ymin>474.5675392926337</ymin><xmax>224.19159226349547</xmax><ymax>532.861175814685</ymax></bndbox></object><object><name /><pose>Unspecified</pose><truncated>0</truncated><difficult>0</difficult><bndbox><xmin>312.1098637393761</xmin><ymin>474.94979264687663</ymin><xmax>338.1030918278973</xmax><ymax>540.6973695766657</ymax></bndbox></object><object><name /><pose>Unspecified</pose><truncated>0</truncated><difficult>0</difficult><bndbox><xmin>419.714182958769</xmin><ymin>483.5504931173432</ymin><xmax>444.36952430743986</xmax><ymax>540.6973695766656</ymax></bndbox></object></annotations>