<annotations><filename>left0461.jpg</filename><folder>images</folder><size><width>800</width><height>600</height><depth>3</depth></size><object><name /><pose>Unspecified</pose><truncated>0</truncated><difficult>0</difficult><bndbox><xmin>367.91885345884805</xmin><ymin>569.175244467766</ymin><xmax>380.91546750310874</xmax><ymax>592.683825753708</ymax></bndbox></object><object><name /><pose>Unspecified</pose><truncated>0</truncated><difficult>0</difficult><bndbox><xmin>418.3762962189187</xmin><ymin>571.2776379161023</ymin><xmax>428.6971367834785</xmax><ymax>595.3595992334087</ymax></bndbox></object><object><name /><pose>Unspecified</pose><truncated>0</truncated><difficult>0</difficult><bndbox><xmin>469.21599233323224</xmin><ymin>571.2776379161023</ymin><xmax>478.5811995121847</xmax><ymax>596.5063592961376</ymax></bndbox></object></annotations>