<annotations><filename>left0031.jpg</filename><folder>images</folder><size><width>800</width><height>600</height><depth>3</depth></size><object><name /><pose>Unspecified</pose><truncated>0</truncated><difficult>0</difficult><bndbox><xmin>45.120000000000005</xmin><ymin>148.48000000000002</ymin><xmax>110.72</xmax><ymax>313.28000000000003</ymax></bndbox></object><object><name /><pose>Unspecified</pose><truncated>0</truncated><difficult>0</difficult><bndbox><xmin>380.48</xmin><ymin>154.24</ymin><xmax>454.0799999999999</xmax><ymax>322.88</ymax></bndbox></object><object><name /><pose>Unspecified</pose><truncated>0</truncated><difficult>0</difficult><bndbox><xmin>721.92</xmin><ymin>160.96000000000004</ymin><xmax>795.84</xmax><ymax>324.4800000000001</ymax></bndbox></object></annotations>