<annotations><filename>left0494.jpg</filename><folder>images</folder><size><width>800</width><height>600</height><depth>3</depth></size><object><name /><pose>Unspecified</pose><truncated>0</truncated><difficult>0</difficult><bndbox><xmin>199.53625091482462</xmin><ymin>528.8475155951338</ymin><xmax>216.16427182439332</xmax><ymax>568.4107377592801</ymax></bndbox></object><object><name /><pose>Unspecified</pose><truncated>0</truncated><difficult>0</difficult><bndbox><xmin>273.88452831508016</xmin><ymin>531.3321623977131</ymin><xmax>290.70367590177034</xmax><ymax>570.1308778533735</ymax></bndbox></object><object><name /><pose>Unspecified</pose><truncated>0</truncated><difficult>0</difficult><bndbox><xmin>348.2328057153357</xmin><ymin>534.5813159087782</ymin><xmax>364.28744659354</xmax><ymax>571.6598912703453</ymax></bndbox></object></annotations>