<annotations><filename>left0565.jpg</filename><folder>images</folder><size><width>800</width><height>600</height><depth>3</depth></size><object><name>name</name><pose>Unspecified</pose><truncated>0</truncated><difficult>0</difficult><bndbox><xmin>94.03432514376792</xmin><ymin>307.33169681133904</ymin><xmax>140.6692343614089</xmax><ymax>422.38995643846977</ymax></bndbox></object><object><name>name</name><pose>Unspecified</pose><truncated>0</truncated><difficult>0</difficult><bndbox><xmin>330.07577138879515</xmin><ymin>314.97676389619824</ymin><xmax>379.5775807632583</xmax><ymax>433.09305035727266</ymax></bndbox></object><object><name>name</name><pose>Unspecified</pose><truncated>0</truncated><difficult>0</difficult><bndbox><xmin>557.3253904862343</xmin><ymin>325.1064777836367</ymin><xmax>607.4005798920618</xmax><ymax>439.5913573794029</ymax></bndbox></object></annotations>