<annotations><filename>left0453.jpg</filename><folder>images</folder><size><width>800</width><height>600</height><depth>3</depth></size><object><name /><pose>Unspecified</pose><truncated>0</truncated><difficult>0</difficult><bndbox><xmin>66.89433699251784</xmin><ymin>568.7929911135229</ymin><xmax>77.4063042341992</xmax><ymax>590.7725589824931</ymax></bndbox></object><object><name /><pose>Unspecified</pose><truncated>0</truncated><difficult>0</difficult><bndbox><xmin>112.000232793187</xmin><ymin>572.8066513330741</ymin><xmax>123.08558006623281</xmax><ymax>593.4483324621938</ymax></bndbox></object></annotations>