<annotations><filename>left0606.jpg</filename><folder>images</folder><size><width>800</width><height>600</height><depth>3</depth></size><object><name /><pose>Unspecified</pose><truncated>0</truncated><difficult>0</difficult><bndbox><xmin>39.943262411347526</xmin><ymin>220.82269503546104</ymin><xmax>97.81560283687946</xmax><ymax>358.35460992907815</ymax></bndbox></object><object><name /><pose>Unspecified</pose><truncated>0</truncated><difficult>0</difficult><bndbox><xmin>319.0921985815603</xmin><ymin>233.758865248227</ymin><xmax>379.23404255319156</xmax><ymax>387.1773049645391</ymax></bndbox></object><object><name /><pose>Unspecified</pose><truncated>0</truncated><difficult>0</difficult><bndbox><xmin>593.4751773049647</xmin><ymin>250.55319148936184</ymin><xmax>655.4326241134754</xmax><ymax>390.80851063829806</ymax></bndbox></object></annotations>