<annotations><filename>left0465.jpg</filename><folder>images</folder><size><width>800</width><height>600</height><depth>3</depth></size><object><name /><pose>Unspecified</pose><truncated>0</truncated><difficult>0</difficult><bndbox><xmin>321.85732427257153</xmin><ymin>566.8817243423082</ymin><xmax>333.3249248998602</xmax><ymax>590.9636856596146</ymax></bndbox></object><object><name /><pose>Unspecified</pose><truncated>0</truncated><difficult>0</difficult><bndbox><xmin>374.60828715809987</xmin><ymin>568.4107377592801</ymin><xmax>384.1646210141738</xmax><ymax>593.6394591393154</ymax></bndbox></object><object><name /><pose>Unspecified</pose><truncated>0</truncated><difficult>0</difficult><bndbox><xmin>425.8302366266564</xmin><ymin>569.9397511762519</ymin><xmax>435.38657048273035</xmax><ymax>593.4483324621939</ymax></bndbox></object></annotations>