<annotations><filename>left0497.jpg</filename><folder>images</folder><size><width>800</width><height>600</height><depth>3</depth></size><object><name /><pose>Unspecified</pose><truncated>0</truncated><difficult>0</difficult><bndbox><xmin>134.55318069352157</xmin><ymin>523.304841958611</ymin><xmax>151.94570831157623</xmax><ymax>563.2503174770002</ymax></bndbox></object><object><name /><pose>Unspecified</pose><truncated>0</truncated><difficult>0</difficult><bndbox><xmin>215.39976511590743</xmin><ymin>525.5983620840686</ymin><xmax>229.92539257713986</xmax><ymax>560.9567973515425</ymax></bndbox></object><object><name /><pose>Unspecified</pose><truncated>0</truncated><difficult>0</difficult><bndbox><xmin>293.1883227043495</xmin><ymin>529.8031489807411</ymin><xmax>306.9494434570961</xmax><ymax>563.6325708312431</ymax></bndbox></object></annotations>