<annotations><filename>left0030.jpg</filename><folder>images</folder><size><width>800</width><height>600</height><depth>3</depth></size><object><name /><pose>Unspecified</pose><truncated>0</truncated><difficult>0</difficult><bndbox><xmin>43.839999999999996</xmin><ymin>149.76000000000002</ymin><xmax>113.91999999999999</xmax><ymax>312.0</ymax></bndbox></object><object><name /><pose>Unspecified</pose><truncated>0</truncated><difficult>0</difficult><bndbox><xmin>379.52</xmin><ymin>153.28000000000003</ymin><xmax>451.52</xmax><ymax>321.9200000000001</ymax></bndbox></object><object><name /><pose>Unspecified</pose><truncated>0</truncated><difficult>0</difficult><bndbox><xmin>721.9200000000001</xmin><ymin>158.08000000000004</ymin><xmax>793.9200000000001</xmax><ymax>325.76000000000005</ymax></bndbox></object></annotations>