<annotations><filename>left0585.jpg</filename><folder>images</folder><size><width>800</width><height>600</height><depth>3</depth></size><object><name /><pose>Unspecified</pose><truncated>0</truncated><difficult>0</difficult><bndbox><xmin>83.90461125632952</xmin><ymin>289.74804251616297</ymin><xmax>131.30402718245642</xmax><ymax>412.64249590527436</ymax></bndbox></object><object><name /><pose>Unspecified</pose><truncated>0</truncated><difficult>0</difficult><bndbox><xmin>322.8129576581789</xmin><ymin>299.49550304935843</ymin><xmax>381.48884753447305</xmax><ymax>423.53671650119867</ymax></bndbox></object><object><name /><pose>Unspecified</pose><truncated>0</truncated><difficult>0</difficult><bndbox><xmin>564.2059508626076</xmin><ymin>312.30099041649754</ymin><xmax>608.7384666319122</xmax><ymax>430.6084035546933</ymax></bndbox></object></annotations>