<annotations><filename>left0586.jpg</filename><folder>images</folder><size><width>800</width><height>600</height><depth>3</depth></size><object><name /><pose>Unspecified</pose><truncated>0</truncated><difficult>0</difficult><bndbox><xmin>79.89095103677843</xmin><ymin>284.01424220251863</ymin><xmax>120.79205994077503</xmax><ymax>405.18855549753664</ymax></bndbox></object><object><name /><pose>Unspecified</pose><truncated>0</truncated><difficult>0</difficult><bndbox><xmin>325.4887311378796</xmin><ymin>298.539869663751</ymin><xmax>376.71068060643614</xmax><ymax>409.58446907133066</ymax></bndbox></object><object><name /><pose>Unspecified</pose><truncated>0</truncated><difficult>0</difficult><bndbox><xmin>563.4414441541217</xmin><ymin>311.91873706225454</ymin><xmax>620.3971939363225</xmax><ymax>430.79953023181486</ymax></bndbox></object></annotations>