<annotations><filename>left0498.jpg</filename><folder>images</folder><size><width>800</width><height>600</height><depth>3</depth></size><object><name /><pose>Unspecified</pose><truncated>0</truncated><difficult>0</difficult><bndbox><xmin>124.61459348320463</xmin><ymin>524.6427286984613</ymin><xmax>140.6692343614089</xmax><ymax>560.765670674421</ymax></bndbox></object><object><name /><pose>Unspecified</pose><truncated>0</truncated><difficult>0</difficult><bndbox><xmin>202.4031510716468</xmin><ymin>525.0249820527042</ymin><xmax>218.07553859560812</xmax><ymax>561.7213040600282</ymax></bndbox></object><object><name /><pose>Unspecified</pose><truncated>0</truncated><difficult>0</difficult><bndbox><xmin>280.9562153685749</xmin><ymin>527.5096288552835</ymin><xmax>295.67296950692884</xmax><ymax>568.2196110821586</ymax></bndbox></object></annotations>