<annotations><filename>left0556.jpg</filename><folder>images</folder><size><width>800</width><height>600</height><depth>3</depth></size><object><name>name</name><pose>Unspecified</pose><truncated>0</truncated><difficult>0</difficult><bndbox><xmin>126.52586025441946</xmin><ymin>339.82323192199055</ymin><xmax>169.91161596099528</xmax><ymax>444.1783976303184</ymax></bndbox></object><object><name>name</name><pose>Unspecified</pose><truncated>0</truncated><difficult>0</difficult><bndbox><xmin>333.1337982227388</xmin><ymin>351.8642125806439</ymin><xmax>377.47518731492204</xmax><ymax>453.161351455028</ymax></bndbox></object><object><name>name</name><pose>Unspecified</pose><truncated>0</truncated><difficult>0</difficult><bndbox><xmin>535.5369492943856</xmin><ymin>357.5980128942882</ymin><xmax>577.2025649068681</xmax><ymax>457.55726502882203</ymax></bndbox></object></annotations>