<annotations><filename>left0028.jpg</filename><folder>images</folder><size><width>800</width><height>600</height><depth>3</depth></size><object><name /><pose>Unspecified</pose><truncated>0</truncated><difficult>0</difficult><bndbox><xmin>66.87999999999998</xmin><ymin>184.32</ymin><xmax>126.08</xmax><ymax>336.96</ymax></bndbox></object><object><name /><pose>Unspecified</pose><truncated>0</truncated><difficult>0</difficult><bndbox><xmin>380.80000000000007</xmin><ymin>191.04</ymin><xmax>445.1200000000001</xmax><ymax>346.56000000000006</ymax></bndbox></object><object><name /><pose>Unspecified</pose><truncated>0</truncated><difficult>0</difficult><bndbox><xmin>695.6800000000001</xmin><ymin>194.24</ymin><xmax>765.76</xmax><ymax>349.12</ymax></bndbox></object></annotations>