<annotations><filename>left0463.jpg</filename><folder>images</folder><size><width>800</width><height>600</height><depth>3</depth></size><object><name /><pose>Unspecified</pose><truncated>0</truncated><difficult>0</difficult><bndbox><xmin>378.8130740547724</xmin><ymin>569.175244467766</ymin><xmax>389.3250412964537</xmax><ymax>593.6394591393154</ymax></bndbox></object><object><name /><pose>Unspecified</pose><truncated>0</truncated><difficult>0</difficult><bndbox><xmin>430.03502352332896</xmin><ymin>570.5131312076163</ymin><xmax>440.3558640878889</xmax><ymax>594.5950925249227</ymax></bndbox></object><object><name /><pose>Unspecified</pose><truncated>0</truncated><difficult>0</difficult><bndbox><xmin>481.4480996690069</xmin><ymin>572.4243979788313</ymin><xmax>491.19556020220233</xmax><ymax>595.7418525876518</ymax></bndbox></object></annotations>