<annotations><filename>left0486.jpg</filename><folder>images</folder><size><width>800</width><height>600</height><depth>3</depth></size><object><name /><pose>Unspecified</pose><truncated>0</truncated><difficult>0</difficult><bndbox><xmin>217.6932852413652</xmin><ymin>540.1239895453011</ymin><xmax>233.93905279669096</xmax><ymax>574.5267914271674</ymax></bndbox></object><object><name /><pose>Unspecified</pose><truncated>0</truncated><difficult>0</difficult><bndbox><xmin>283.63198884827557</xmin><ymin>543.5642697334878</ymin><xmax>298.15761630950806</xmax><ymax>576.2469315212608</ymax></bndbox></object><object><name /><pose>Unspecified</pose><truncated>0</truncated><difficult>0</difficult><bndbox><xmin>347.6594256839712</xmin><ymin>547.9601833072818</ymin><xmax>363.7140665621755</xmax><ymax>579.3049583552045</ymax></bndbox></object></annotations>