<annotations><filename>left0539.jpg</filename><folder>images</folder><size><width>800</width><height>600</height><depth>3</depth></size><object><name>name</name><pose>Unspecified</pose><truncated>0</truncated><difficult>0</difficult><bndbox><xmin>84.66911796481543</xmin><ymin>423.72784317832014</ymin><xmax>117.54290642970989</xmax><ymax>497.31161387008973</ymax></bndbox></object><object><name>name</name><pose>Unspecified</pose><truncated>0</truncated><difficult>0</difficult><bndbox><xmin>233.556799442448</xmin><ymin>431.7551636174222</ymin><xmax>261.461294302184</xmax><ymax>499.414007318426</ymax></bndbox></object><object><name>name</name><pose>Unspecified</pose><truncated>0</truncated><difficult>0</difficult><bndbox><xmin>374.60828715809987</xmin><ymin>435.95995051409477</ymin><xmax>406.71756891450843</xmax><ymax>504.5744276007059</ymax></bndbox></object></annotations>