<annotations><filename>left0466.jpg</filename><folder>images</folder><size><width>800</width><height>600</height><depth>3</depth></size><object><name /><pose>Unspecified</pose><truncated>0</truncated><difficult>0</difficult><bndbox><xmin>282.6763554626682</xmin><ymin>564.9704575710936</ymin><xmax>293.76170273571404</xmax><ymax>588.670165534157</ymax></bndbox></object><object><name /><pose>Unspecified</pose><truncated>0</truncated><difficult>0</difficult><bndbox><xmin>335.23619167107506</xmin><ymin>566.6905976651867</ymin><xmax>347.2771723297283</xmax><ymax>590.0080522740072</ymax></bndbox></object><object><name /><pose>Unspecified</pose><truncated>0</truncated><difficult>0</difficult><bndbox><xmin>386.84039449387456</xmin><ymin>567.6462310507942</ymin><xmax>400.2192618923781</xmax><ymax>592.4926990765865</ymax></bndbox></object></annotations>