<annotations><filename>left0482.jpg</filename><folder>images</folder><size><width>800</width><height>600</height><depth>3</depth></size><object><name /><pose>Unspecified</pose><truncated>0</truncated><difficult>0</difficult><bndbox><xmin>221.51581878379483</xmin><ymin>547.5779299530388</ymin><xmax>240.62848649594275</xmax><ymax>579.8783383865689</ymax></bndbox></object><object><name /><pose>Unspecified</pose><truncated>0</truncated><difficult>0</difficult><bndbox><xmin>286.88114235934074</xmin><ymin>550.0625767556181</ymin><xmax>301.98014985193765</xmax><ymax>579.496085032326</ymax></bndbox></object><object><name /><pose>Unspecified</pose><truncated>0</truncated><difficult>0</difficult><bndbox><xmin>349.95294580942897</xmin><ymin>553.6939836209261</ymin><xmax>364.28744659354</xmax><ymax>583.3186185747555</ymax></bndbox></object></annotations>