<annotations><filename>left0821.jpg</filename><folder>images</folder><size><width>800</width><height>600</height><depth>3</depth></size><object><name>name</name><pose>Unspecified</pose><truncated>0</truncated><difficult>0</difficult><bndbox><xmin>313.872340425532</xmin><ymin>92.82269503546104</ymin><xmax>388.9929078014186</xmax><ymax>279.14893617021283</ymax></bndbox></object><object><name>name</name><pose>Unspecified</pose><truncated>0</truncated><difficult>0</difficult><bndbox><xmin>685.3900709219861</xmin><ymin>109.16312056737591</ymin><xmax>757.5602836879434</xmax><ymax>297.3049645390072</ymax></bndbox></object></annotations>