<annotations><filename>left0584.jpg</filename><folder>images</folder><size><width>800</width><height>600</height><depth>3</depth></size><object><name /><pose>Unspecified</pose><truncated>0</truncated><difficult>0</difficult><bndbox><xmin>79.69982435965696</xmin><ymin>291.6593092873778</ymin><xmax>134.55318069352157</xmax><ymax>412.64249590527436</ymax></bndbox></object><object><name /><pose>Unspecified</pose><truncated>0</truncated><difficult>0</difficult><bndbox><xmin>324.72422442939376</xmin><ymin>308.478456874068</ymin><xmax>374.79941383522134</xmax><ymax>423.34558982407725</ymax></bndbox></object><object><name /><pose>Unspecified</pose><truncated>0</truncated><difficult>0</difficult><bndbox><xmin>564.0148241854861</xmin><ymin>314.7856372190768</ymin><xmax>613.8988869141922</xmax><ymax>433.66643038863714</ymax></bndbox></object></annotations>