<annotations><filename>left0562.jpg</filename><folder>images</folder><size><width>800</width><height>600</height><depth>3</depth></size><object><name>name</name><pose>Unspecified</pose><truncated>0</truncated><difficult>0</difficult><bndbox><xmin>99.38587210316936</xmin><ymin>314.5945105419553</ymin><xmax>149.07880815475403</xmax><ymax>431.56403694030075</ymax></bndbox></object><object><name>name</name><pose>Unspecified</pose><truncated>0</truncated><difficult>0</difficult><bndbox><xmin>328.1645046175804</xmin><ymin>322.048450949693</ymin><xmax>379.7687074403798</xmax><ymax>440.73811744213174</ymax></bndbox></object><object><name>name</name><pose>Unspecified</pose><truncated>0</truncated><difficult>0</difficult><bndbox><xmin>550.6359567869824</xmin><ymin>334.4716849625893</ymin><xmax>598.6087527444738</xmax><ymax>445.13403101592587</ymax></bndbox></object></annotations>