<annotations><filename>left0474.jpg</filename><folder>images</folder><size><width>800</width><height>600</height><depth>3</depth></size><object><name /><pose>Unspecified</pose><truncated>0</truncated><difficult>0</difficult><bndbox><xmin>240.05510646457827</xmin><ymin>560.1922906430565</ymin><xmax>252.86059383171744</xmax><ymax>583.89199860612</ymax></bndbox></object><object><name /><pose>Unspecified</pose><truncated>0</truncated><difficult>0</difficult><bndbox><xmin>295.29071615268583</xmin><ymin>560.001163965935</ymin><xmax>308.09620351982505</xmax><ymax>586.3766454086991</ymax></bndbox></object><object><name /><pose>Unspecified</pose><truncated>0</truncated><difficult>0</difficult><bndbox><xmin>353.5843526747371</xmin><ymin>562.2946840913928</ymin><xmax>364.66969994778293</xmax><ymax>590.1991789511287</ymax></bndbox></object></annotations>