<annotations><filename>left0514.jpg</filename><folder>images</folder><size><width>800</width><height>600</height><depth>3</depth></size><object><name /><pose>Unspecified</pose><truncated>0</truncated><difficult>0</difficult><bndbox><xmin>212.72399163620673</xmin><ymin>494.2535870361461</ymin><xmax>237.76158633912053</xmax><ymax>544.3287764419737</ymax></bndbox></object><object><name /><pose>Unspecified</pose><truncated>0</truncated><difficult>0</difficult><bndbox><xmin>314.5945105419553</xmin><ymin>497.12048719296814</ymin><xmax>337.1474584422899</xmax><ymax>547.3868032759174</ymax></bndbox></object><object><name /><pose>Unspecified</pose><truncated>0</truncated><difficult>0</difficult><bndbox><xmin>412.0691158739098</xmin><ymin>499.6051339955474</ymin><xmax>433.4753037115155</xmax><ymax>551.2093368183469</ymax></bndbox></object></annotations>