<annotations><filename>left0567.jpg</filename><folder>images</folder><size><width>800</width><height>600</height><depth>3</depth></size><object><name>name</name><pose>Unspecified</pose><truncated>0</truncated><difficult>0</difficult><bndbox><xmin>90.02066492421685</xmin><ymin>301.59789649769465</ymin><xmax>140.47810768428744</xmax><ymax>421.0520696986194</ymax></bndbox></object><object><name>name</name><pose>Unspecified</pose><truncated>0</truncated><difficult>0</difficult><bndbox><xmin>327.3999979090944</xmin><ymin>310.38972364528274</ymin><xmax>384.1646210141738</xmax><ymax>429.46164349196454</ymax></bndbox></object><object><name>name</name><pose>Unspecified</pose><truncated>0</truncated><difficult>0</difficult><bndbox><xmin>558.4721505489631</xmin><ymin>323.19521101242185</ymin><xmax>605.6804397979686</xmax><ymax>440.3558640878888</ymax></bndbox></object></annotations>