<annotations><filename>left0530.jpg</filename><folder>images</folder><size><width>800</width><height>600</height><depth>3</depth></size><object><name>name</name><pose>Unspecified</pose><truncated>0</truncated><difficult>0</difficult><bndbox><xmin>333.70717825410316</xmin><ymin>457.55726502882203</ymin><xmax>363.52293988505403</xmax><ymax>518.7178017076955</ymax></bndbox></object><object><name>name</name><pose>Unspecified</pose><truncated>0</truncated><difficult>0</difficult><bndbox><xmin>459.2774051229153</xmin><ymin>460.2330385085227</ymin><xmax>488.32866004538016</xmax><ymax>528.083008886648</ymax></bndbox></object><object><name>name</name><pose>Unspecified</pose><truncated>0</truncated><difficult>0</difficult><bndbox><xmin>582.5541118662695</xmin><ymin>464.82007875943816</ymin><xmax>611.414240111613</xmax><ymax>525.7894887611901</ymax></bndbox></object></annotations>