<annotations><filename>left0970.jpg</filename><folder>images</folder><size><width>800</width><height>600</height><depth>3</depth></size><object><name /><pose>Unspecified</pose><truncated>0</truncated><difficult>0</difficult><bndbox><xmin>241.14493517667543</xmin><ymin>532.4436792433844</ymin><xmax>260.1220520539855</xmax><ymax>569.7201588238149</ymax></bndbox></object><object><name /><pose>Unspecified</pose><truncated>0</truncated><difficult>0</difficult><bndbox><xmin>315.29124183302247</xmin><ymin>532.7147809130604</ymin><xmax>332.91285036195325</xmax><ymax>572.8378280250874</ymax></bndbox></object><object><name /><pose>Unspecified</pose><truncated>0</truncated><difficult>0</difficult><bndbox><xmin>388.0820401409902</xmin><ymin>537.3235092975499</ymin><xmax>404.4836911563797</xmax><ymax>573.2444805296011</ymax></bndbox></object></annotations>