<annotations><filename>left0604.jpg</filename><folder>images</folder><size><width>800</width><height>600</height><depth>3</depth></size><object><name /><pose>Unspecified</pose><truncated>0</truncated><difficult>0</difficult><bndbox><xmin>41.98581560283689</xmin><ymin>225.36170212765967</ymin><xmax>91.46099290780145</xmax><ymax>352.9078014184398</ymax></bndbox></object><object><name /><pose>Unspecified</pose><truncated>0</truncated><difficult>0</difficult><bndbox><xmin>320.0000000000001</xmin><ymin>241.24822695035476</ymin><xmax>381.0496453900711</xmax><ymax>373.56028368794347</ymax></bndbox></object><object><name /><pose>Unspecified</pose><truncated>0</truncated><difficult>0</difficult><bndbox><xmin>589.617021276596</xmin><ymin>253.049645390071</ymin><xmax>654.2978723404258</xmax><ymax>390.808510638298</ymax></bndbox></object></annotations>