<annotations><filename>left0509.jpg</filename><folder>images</folder><size><width>800</width><height>600</height><depth>3</depth></size><object><name /><pose>Unspecified</pose><truncated>0</truncated><difficult>0</difficult><bndbox><xmin>215.01751176166442</xmin><ymin>500.7518940582764</ymin><xmax>234.32130615093388</xmax><ymax>546.43116989031</ymax></bndbox></object><object><name /><pose>Unspecified</pose><truncated>0</truncated><difficult>0</difficult><bndbox><xmin>304.8470500087599</xmin><ymin>501.32527408964074</ymin><xmax>330.64915142015957</xmax><ymax>550.062576755618</ymax></bndbox></object><object><name /><pose>Unspecified</pose><truncated>0</truncated><difficult>0</difficult><bndbox><xmin>399.4547551838922</xmin><ymin>504.1921742464631</ymin><xmax>420.860943021498</xmax><ymax>553.5028569438048</ymax></bndbox></object></annotations>