<annotations><filename>left0500.jpg</filename><folder>images</folder><size><width>800</width><height>600</height><depth>3</depth></size><object><name /><pose>Unspecified</pose><truncated>0</truncated><difficult>0</difficult><bndbox><xmin>91.16742498694575</xmin><ymin>517.9532949992094</ymin><xmax>109.70671266772925</xmax><ymax>554.4584903294121</ymax></bndbox></object><object><name /><pose>Unspecified</pose><truncated>0</truncated><difficult>0</difficult><bndbox><xmin>174.30752953478932</xmin><ymin>520.6290684789102</ymin><xmax>190.74442376723655</xmax><ymax>561.5301773829068</ymax></bndbox></object><object><name /><pose>Unspecified</pose><truncated>0</truncated><difficult>0</difficult><bndbox><xmin>254.19848057156773</xmin><ymin>523.8782219899754</ymin><xmax>271.78213486674383</xmax><ymax>565.1615842482149</ymax></bndbox></object></annotations>