<annotations><filename>left0519.jpg</filename><folder>images</folder><size><width>800</width><height>600</height><depth>3</depth></size><object><name /><pose>Unspecified</pose><truncated>0</truncated><difficult>0</difficult><bndbox><xmin>204.31441784286162</xmin><ymin>484.5061265029506</ymin><xmax>229.3520125457754</xmax><ymax>537.257089388479</ymax></bndbox></object><object><name /><pose>Unspecified</pose><truncated>0</truncated><difficult>0</difficult><bndbox><xmin>312.49211709361896</xmin><ymin>488.13753336825874</ymin><xmax>335.8095717024395</xmax><ymax>540.3151162224227</ymax></bndbox></object><object><name /><pose>Unspecified</pose><truncated>0</truncated><difficult>0</difficult><bndbox><xmin>416.082776093461</xmin><ymin>490.4310534937164</ymin><xmax>438.2534706395526</xmax><ymax>544.5199031190951</ymax></bndbox></object></annotations>