<annotations><filename>left0488.jpg</filename><folder>images</folder><size><width>800</width><height>600</height><depth>3</depth></size><object><name /><pose>Unspecified</pose><truncated>0</truncated><difficult>0</difficult><bndbox><xmin>211.0038515421134</xmin><ymin>538.4038494512079</ymin><xmax>228.58750583728954</xmax><ymax>573.1889046873173</ymax></bndbox></object><object><name /><pose>Unspecified</pose><truncated>0</truncated><difficult>0</difficult><bndbox><xmin>281.3384687228178</xmin><ymin>540.888496253787</ymin><xmax>296.43747621541473</xmax><ymax>573.57115804156</ymax></bndbox></object><object><name /><pose>Unspecified</pose><truncated>0</truncated><difficult>0</difficult><bndbox><xmin>350.5263258407935</xmin><ymin>539.5506095139367</ymin><xmax>363.3318132079326</xmax><ymax>576.8203115526253</ymax></bndbox></object></annotations>