<annotations><filename>left0548.jpg</filename><folder>images</folder><size><width>800</width><height>600</height><depth>3</depth></size><object><name>name</name><pose>Unspecified</pose><truncated>0</truncated><difficult>0</difficult><bndbox><xmin>168.38260254402343</xmin><ymin>396.3967283499486</ymin><xmax>207.9458247081697</xmax><ymax>478.58119951218487</ymax></bndbox></object><object><name>name</name><pose>Unspecified</pose><truncated>0</truncated><difficult>0</difficult><bndbox><xmin>339.82323192199055</xmin><ymin>403.08616204920025</ymin><xmax>372.1236403555206</xmax><ymax>486.2262665970439</ymax></bndbox></object><object><name>name</name><pose>Unspecified</pose><truncated>0</truncated><difficult>0</difficult><bndbox><xmin>502.85428750661254</xmin><ymin>409.01108903996624</ymin><xmax>542.0352563165159</xmax><ymax>493.87133368190314</ymax></bndbox></object></annotations>