<annotations><filename>left1100.jpg</filename><folder>images</folder><size><width>800</width><height>600</height><depth>3</depth></size><object><name>name</name><pose>Unspecified</pose><truncated>0</truncated><difficult>0</difficult><bndbox><xmin>44.48000000000005</xmin><ymin>223.04000000000028</ymin><xmax>102.08000000000013</xmax><ymax>364.1600000000004</ymax></bndbox></object><object><name>name</name><pose>Unspecified</pose><truncated>0</truncated><difficult>0</difficult><bndbox><xmin>328.0000000000004</xmin><ymin>238.40000000000032</ymin><xmax>384.96000000000055</xmax><ymax>376.9600000000005</ymax></bndbox></object><object><name>name</name><pose>Unspecified</pose><truncated>0</truncated><difficult>0</difficult><bndbox><xmin>598.7200000000007</xmin><ymin>251.52000000000038</ymin><xmax>658.2400000000007</xmax><ymax>392.32000000000056</ymax></bndbox></object></annotations>