<annotations><filename>left0511.jpg</filename><folder>images</folder><size><width>800</width><height>600</height><depth>3</depth></size><object><name /><pose>Unspecified</pose><truncated>0</truncated><difficult>0</difficult><bndbox><xmin>216.54652517863633</xmin><ymin>493.4890803276601</ymin><xmax>239.48172643321385</xmax><ymax>542.6086363478803</ymax></bndbox></object><object><name /><pose>Unspecified</pose><truncated>0</truncated><difficult>0</difficult><bndbox><xmin>314.97676389619824</xmin><ymin>496.9293605158468</ymin><xmax>332.94267154561726</xmax><ymax>547.7690566301603</ymax></bndbox></object><object><name /><pose>Unspecified</pose><truncated>0</truncated><difficult>0</difficult><bndbox><xmin>402.32165534071436</xmin><ymin>499.6051339955475</ymin><xmax>428.5060101063571</xmax><ymax>548.5335633386462</ymax></bndbox></object></annotations>