<annotations><filename>left0034.jpg</filename><folder>images</folder><size><width>800</width><height>600</height><depth>3</depth></size><object><name /><pose>Unspecified</pose><truncated>0</truncated><difficult>0</difficult><bndbox><xmin>0.6400000000000006</xmin><ymin>57.60000000000001</ymin><xmax>67.84</xmax><ymax>258.56</ymax></bndbox></object><object><name /><pose>Unspecified</pose><truncated>0</truncated><difficult>0</difficult><bndbox><xmin>383.04</xmin><ymin>60.480000000000004</ymin><xmax>470.08</xmax><ymax>266.24</ymax></bndbox></object></annotations>