<annotations><filename>left0558.jpg</filename><folder>images</folder><size><width>800</width><height>600</height><depth>3</depth></size><object><name>name</name><pose>Unspecified</pose><truncated>0</truncated><difficult>0</difficult><bndbox><xmin>118.88079316956025</xmin><ymin>339.8232319219906</ymin><xmax>168.00034918978048</xmax><ymax>442.4582575362252</ymax></bndbox></object><object><name>name</name><pose>Unspecified</pose><truncated>0</truncated><difficult>0</difficult><bndbox><xmin>332.56041819137437</xmin><ymin>349.37956577806455</ymin><xmax>376.9018072835576</xmax><ymax>453.35247813214943</ymax></bndbox></object><object><name>name</name><pose>Unspecified</pose><truncated>0</truncated><difficult>0</difficult><bndbox><xmin>541.0796229309085</xmin><ymin>360.0826596968674</ymin><xmax>582.745238543391</xmax><ymax>458.5128984144294</ymax></bndbox></object></annotations>