<annotations><filename>left0020.jpg</filename><folder>images</folder><size><width>800</width><height>600</height><depth>3</depth></size><object><name /><pose>Unspecified</pose><truncated>0</truncated><difficult>0</difficult><bndbox><xmin>110.08</xmin><ymin>259.20000000000005</ymin><xmax>162.24</xmax><ymax>388.1600000000001</ymax></bndbox></object><object><name /><pose>Unspecified</pose><truncated>0</truncated><difficult>0</difficult><bndbox><xmin>379.5199999999999</xmin><ymin>262.7200000000001</ymin><xmax>431.04</xmax><ymax>392.00000000000006</ymax></bndbox></object><object><name /><pose>Unspecified</pose><truncated>0</truncated><difficult>0</difficult><bndbox><xmin>645.44</xmin><ymin>266.24000000000007</ymin><xmax>703.6800000000001</xmax><ymax>399.36000000000007</ymax></bndbox></object></annotations>