<annotations><filename>left0017.jpg</filename><folder>images</folder><size><width>800</width><height>600</height><depth>3</depth></size><object><name /><pose>Unspecified</pose><truncated>0</truncated><difficult>0</difficult><bndbox><xmin>120.32520325203252</xmin><ymin>273.17073170731703</ymin><xmax>171.7073170731707</xmax><ymax>400.650406504065</ymax></bndbox></object><object><name /><pose>Unspecified</pose><truncated>0</truncated><difficult>0</difficult><bndbox><xmin>377.88617886178866</xmin><ymin>279.0243902439024</ymin><xmax>429.26829268292687</xmax><ymax>407.1544715447154</ymax></bndbox></object><object><name /><pose>Unspecified</pose><truncated>0</truncated><difficult>0</difficult><bndbox><xmin>634.7967479674796</xmin><ymin>284.55284552845524</ymin><xmax>687.8048780487804</xmax><ymax>408.780487804878</ymax></bndbox></object></annotations>