<annotations><filename>left0487.jpg</filename><folder>images</folder><size><width>800</width><height>600</height><depth>3</depth></size><object><name /><pose>Unspecified</pose><truncated>0</truncated><difficult>0</difficult><bndbox><xmin>216.16427182439335</xmin><ymin>541.0796229309085</ymin><xmax>231.45440599411174</xmax><ymax>574.7179181042889</ymax></bndbox></object><object><name /><pose>Unspecified</pose><truncated>0</truncated><difficult>0</difficult><bndbox><xmin>281.14734204569635</xmin><ymin>541.8441296393944</ymin><xmax>295.48184282980725</xmax><ymax>577.2025649068682</ymax></bndbox></object><object><name /><pose>Unspecified</pose><truncated>0</truncated><difficult>0</difficult><bndbox><xmin>347.46829900684975</xmin><ymin>544.7110297962166</ymin><xmax>364.4785732706614</xmax><ymax>577.7759449382326</ymax></bndbox></object></annotations>