<annotations><filename>left0524.jpg</filename><folder>images</folder><size><width>800</width><height>600</height><depth>3</depth></size><object><name /><pose>Unspecified</pose><truncated>0</truncated><difficult>0</difficult><bndbox><xmin>255.3452406342966</xmin><ymin>473.8030325841478</ymin><xmax>282.4852287855467</xmax><ymax>534.3901892316568</ymax></bndbox></object><object><name /><pose>Unspecified</pose><truncated>0</truncated><difficult>0</difficult><bndbox><xmin>367.5366001046051</xmin><ymin>474.56753929263357</ymin><xmax>394.48546157873375</xmax><ymax>535.9192026486286</ymax></bndbox></object><object><name /><pose>Unspecified</pose><truncated>0</truncated><difficult>0</difficult><bndbox><xmin>482.78598640885724</xmin><ymin>476.287679386727</ymin><xmax>507.2502010804066</xmax><ymax>543.7553964106094</ymax></bndbox></object></annotations>