<annotations><filename>left0024.jpg</filename><folder>images</folder><size><width>800</width><height>600</height><depth>3</depth></size><object><name /><pose>Unspecified</pose><truncated>0</truncated><difficult>0</difficult><bndbox><xmin>92.16</xmin><ymin>227.83999999999997</ymin><xmax>147.84</xmax><ymax>368.32</ymax></bndbox></object><object><name /><pose>Unspecified</pose><truncated>0</truncated><difficult>0</difficult><bndbox><xmin>378.56000000000006</xmin><ymin>229.11999999999995</ymin><xmax>439.3600000000001</xmax><ymax>373.44</ymax></bndbox></object><object><name /><pose>Unspecified</pose><truncated>0</truncated><difficult>0</difficult><bndbox><xmin>667.84</xmin><ymin>234.88000000000005</ymin><xmax>730.5600000000001</xmax><ymax>381.12000000000006</ymax></bndbox></object></annotations>