<annotations><filename>left0520.jpg</filename><folder>images</folder><size><width>800</width><height>600</height><depth>3</depth></size><object><name /><pose>Unspecified</pose><truncated>0</truncated><difficult>0</difficult><bndbox><xmin>201.0652643317964</xmin><ymin>479.5368328977921</ymin><xmax>228.96975919153243</xmax><ymax>533.6256825231708</ymax></bndbox></object><object><name /><pose>Unspecified</pose><truncated>0</truncated><difficult>0</difficult><bndbox><xmin>313.2566238021049</xmin><ymin>485.6528865656794</ymin><xmax>333.7071782541032</xmax><ymax>540.1239895453011</ymax></bndbox></object><object><name /><pose>Unspecified</pose><truncated>0</truncated><difficult>0</difficult><bndbox><xmin>417.22953615618985</xmin><ymin>490.0488001394735</ymin><xmax>437.4889639310667</xmax><ymax>542.4175096707588</ymax></bndbox></object></annotations>