<annotations><filename>left0987.jpg</filename><folder>images</folder><size><width>800</width><height>600</height><depth>3</depth></size><object><name /><pose>Unspecified</pose><truncated>0</truncated><difficult>0</difficult><bndbox><xmin>181.23146617831088</xmin><ymin>473.2079644192096</ymin><xmax>207.52832813686905</xmax><ymax>527.0216458498674</ymax></bndbox></object><object><name /><pose>Unspecified</pose><truncated>0</truncated><difficult>0</difficult><bndbox><xmin>294.41641326798145</xmin><ymin>477.6811419688613</ymin><xmax>321.5265802355672</xmax><ymax>531.901475904033</ymax></bndbox></object><object><name /><pose>Unspecified</pose><truncated>0</truncated><difficult>0</difficult><bndbox><xmin>406.38140284411065</xmin><ymin>481.2054636746474</ymin><xmax>428.47618892269315</xmax><ymax>534.8835942704673</ymax></bndbox></object></annotations>