<annotations><filename>left0506.jpg</filename><folder>images</folder><size><width>800</width><height>600</height><depth>3</depth></size><object><name /><pose>Unspecified</pose><truncated>0</truncated><difficult>0</difficult><bndbox><xmin>180.61470987979814</xmin><ymin>509.3525945287428</ymin><xmax>202.5942777487683</xmax><ymax>552.7383502353188</ymax></bndbox></object><object><name /><pose>Unspecified</pose><truncated>0</truncated><difficult>0</difficult><bndbox><xmin>270.635374804015</xmin><ymin>510.8816079457147</ymin><xmax>289.5569158390415</xmax><ymax>555.9875037463839</ymax></bndbox></object><object><name /><pose>Unspecified</pose><truncated>0</truncated><difficult>0</difficult><bndbox><xmin>355.87787280019484</xmin><ymin>512.0283680084436</ymin><xmax>380.5332141488657</xmax><ymax>558.0898971947203</ymax></bndbox></object></annotations>