<annotations><filename>left0018.jpg</filename><folder>images</folder><size><width>800</width><height>600</height><depth>3</depth></size><object><name /><pose>Unspecified</pose><truncated>0</truncated><difficult>0</difficult><bndbox><xmin>117.44000000000001</xmin><ymin>270.72</ymin><xmax>168.64000000000004</xmax><ymax>397.44000000000005</ymax></bndbox></object><object><name /><pose>Unspecified</pose><truncated>0</truncated><difficult>0</difficult><bndbox><xmin>378.88</xmin><ymin>274.88000000000005</ymin><xmax>429.76</xmax><ymax>400.64000000000004</ymax></bndbox></object><object><name /><pose>Unspecified</pose><truncated>0</truncated><difficult>0</difficult><bndbox><xmin>639.04</xmin><ymin>278.40000000000003</ymin><xmax>693.1199999999999</xmax><ymax>407.04</ymax></bndbox></object></annotations>