<annotations><filename>left0538.jpg</filename><folder>images</folder><size><width>800</width><height>600</height><depth>3</depth></size><object><name>name</name><pose>Unspecified</pose><truncated>0</truncated><difficult>0</difficult><bndbox><xmin>187.11301690192846</xmin><ymin>433.6664303886371</ymin><xmax>215.39976511590748</xmax><ymax>500.56076738115496</ymax></bndbox></object><object><name>name</name><pose>Unspecified</pose><truncated>0</truncated><difficult>0</difficult><bndbox><xmin>327.01774455485145</xmin><ymin>439.20910402515995</ymin><xmax>351.6730859035223</xmax><ymax>506.2945676947993</ymax></bndbox></object></annotations>