<annotations><filename>left0549.jpg</filename><folder>images</folder><size><width>800</width><height>600</height><depth>3</depth></size><object><name>name</name><pose>Unspecified</pose><truncated>0</truncated><difficult>0</difficult><bndbox><xmin>161.5020421676502</xmin><ymin>390.08954800493973</ymin><xmax>198.00723749785277</xmax><ymax>477.05218609521285</ymax></bndbox></object><object><name>name</name><pose>Unspecified</pose><truncated>0</truncated><difficult>0</difficult><bndbox><xmin>338.29421850501876</xmin><ymin>394.6765882558552</ymin><xmax>374.2260338038568</xmax><ymax>483.93274647158614</ymax></bndbox></object><object><name>name</name><pose>Unspecified</pose><truncated>0</truncated><difficult>0</difficult><bndbox><xmin>508.205834466014</xmin><ymin>403.65954208056473</ymin><xmax>543.3731430563662</xmax><ymax>487.1818999826512</ymax></bndbox></object></annotations>