<annotations><filename>left0572.jpg</filename><folder>images</folder><size><width>800</width><height>600</height><depth>3</depth></size><object><name /><pose>Unspecified</pose><truncated>0</truncated><difficult>0</difficult><bndbox><xmin>87.53601812163764</xmin><ymin>300.45113643496586</ymin><xmax>136.84670081897934</xmax><ymax>418.75854957316164</ymax></bndbox></object><object><name /><pose>Unspecified</pose><truncated>0</truncated><difficult>0</difficult><bndbox><xmin>328.5467579718233</xmin><ymin>313.6388771563478</ymin><xmax>378.23969402340794</xmax><ymax>430.99065690893633</ymax></bndbox></object><object><name /><pose>Unspecified</pose><truncated>0</truncated><difficult>0</difficult><bndbox><xmin>560.5745439972994</xmin><ymin>323.0040843353004</ymin><xmax>610.649733403127</xmax><ymax>437.2978372539451</ymax></bndbox></object></annotations>