<annotations><filename>left0559.jpg</filename><folder>images</folder><size><width>800</width><height>600</height><depth>3</depth></size><object><name>name</name><pose>Unspecified</pose><truncated>0</truncated><difficult>0</difficult><bndbox><xmin>114.67600627288772</xmin><ymin>332.5604181913743</ymin><xmax>161.69316884477166</xmax><ymax>436.15107719121625</ymax></bndbox></object><object><name>name</name><pose>Unspecified</pose><truncated>0</truncated><difficult>0</difficult><bndbox><xmin>333.70717825410327</xmin><ymin>343.0723854330558</ymin><xmax>375.7550472208287</xmax><ymax>448.00093117274804</ymax></bndbox></object><object><name>name</name><pose>Unspecified</pose><truncated>0</truncated><difficult>0</difficult><bndbox><xmin>546.2400432131884</xmin><ymin>350.9085791950364</ymin><xmax>585.6121387002132</xmax><ymax>452.396844746542</ymax></bndbox></object></annotations>