<annotations><filename>left0019.jpg</filename><folder>images</folder><size><width>800</width><height>600</height><depth>3</depth></size><object><name /><pose>Unspecified</pose><truncated>0</truncated><difficult>0</difficult><bndbox><xmin>112.32000000000002</xmin><ymin>263.68</ymin><xmax>166.08</xmax><ymax>389.12000000000006</ymax></bndbox></object><object><name /><pose>Unspecified</pose><truncated>0</truncated><difficult>0</difficult><bndbox><xmin>378.24</xmin><ymin>268.8</ymin><xmax>431.0400000000001</xmax><ymax>398.40000000000003</ymax></bndbox></object><object><name /><pose>Unspecified</pose><truncated>0</truncated><difficult>0</difficult><bndbox><xmin>642.5600000000001</xmin><ymin>269.76</ymin><xmax>695.36</xmax><ymax>399.0400000000001</ymax></bndbox></object></annotations>