<annotations><filename>left0452.jpg</filename><folder>images</folder><size><width>800</width><height>600</height><depth>3</depth></size><object><name /><pose>Unspecified</pose><truncated>0</truncated><difficult>0</difficult><bndbox><xmin>66.89433699251784</xmin><ymin>570.7042578847378</ymin><xmax>77.4063042341992</xmax><ymax>592.1104457223436</ymax></bndbox></object><object><name /><pose>Unspecified</pose><truncated>0</truncated><difficult>0</difficult><bndbox><xmin>112.57361282455145</xmin><ymin>570.7042578847378</ymin><xmax>123.08558006623281</xmax><ymax>594.0217124935583</ymax></bndbox></object></annotations>