<annotations><filename>left0029.jpg</filename><folder>images</folder><size><width>800</width><height>600</height><depth>3</depth></size><object><name /><pose>Unspecified</pose><truncated>0</truncated><difficult>0</difficult><bndbox><xmin>65.27999999999999</xmin><ymin>186.56000000000003</ymin><xmax>124.48</xmax><ymax>336.64</ymax></bndbox></object><object><name /><pose>Unspecified</pose><truncated>0</truncated><difficult>0</difficult><bndbox><xmin>380.80000000000007</xmin><ymin>188.15999999999997</ymin><xmax>448.6400000000001</xmax><ymax>345.6</ymax></bndbox></object><object><name /><pose>Unspecified</pose><truncated>0</truncated><difficult>0</difficult><bndbox><xmin>694.72</xmin><ymin>194.88</ymin><xmax>765.76</xmax><ymax>348.48</ymax></bndbox></object></annotations>