<annotations><filename>left0582.jpg</filename><folder>images</folder><size><width>800</width><height>600</height><depth>3</depth></size><object><name /><pose>Unspecified</pose><truncated>0</truncated><difficult>0</difficult><bndbox><xmin>80.65545774526437</xmin><ymin>294.7173361213214</ymin><xmax>138.56684091307267</xmax><ymax>414.7448893536106</ymax></bndbox></object><object><name /><pose>Unspecified</pose><truncated>0</truncated><difficult>0</difficult><bndbox><xmin>326.82661787773</xmin><ymin>310.96310367664717</ymin><xmax>373.0792737411281</xmax><ymax>427.74150339787116</ymax></bndbox></object><object><name /><pose>Unspecified</pose><truncated>0</truncated><difficult>0</difficult><bndbox><xmin>566.4994709880652</xmin><ymin>317.270284021656</ymin><xmax>608.7384666319122</xmax><ymax>436.9155838997022</ymax></bndbox></object></annotations>