<annotations><filename>left0588.jpg</filename><folder>images</folder><size><width>800</width><height>600</height><depth>3</depth></size><object><name /><pose>Unspecified</pose><truncated>0</truncated><difficult>0</difficult><bndbox><xmin>72.62813730616222</xmin><ymin>276.7514284719024</ymin><xmax>121.74769332638243</xmax><ymax>398.30799512116334</ymax></bndbox></object><object><name /><pose>Unspecified</pose><truncated>0</truncated><difficult>0</difficult><bndbox><xmin>327.2088712319729</xmin><ymin>287.45452239070516</ymin><xmax>377.66631399204346</xmax><ymax>413.7892559680032</ymax></bndbox></object><object><name /><pose>Unspecified</pose><truncated>0</truncated><difficult>0</difficult><bndbox><xmin>576.6291848755037</xmin><ymin>300.45113643496586</ymin><xmax>619.0593071964721</xmax><ymax>412.64249590527436</ymax></bndbox></object></annotations>