<annotations><filename>left0553.jpg</filename><folder>images</folder><size><width>800</width><height>600</height><depth>3</depth></size><object><name>name</name><pose>Unspecified</pose><truncated>0</truncated><difficult>0</difficult><bndbox><xmin>141.6248677470163</xmin><ymin>361.61167311383923</ymin><xmax>181.76146994252701</xmax><ymax>459.6596584771583</ymax></bndbox></object><object><name>name</name><pose>Unspecified</pose><truncated>0</truncated><difficult>0</difficult><bndbox><xmin>336.38295173380396</xmin><ymin>370.5946269385489</ymin><xmax>376.3284272521932</xmax><ymax>465.77571214504565</ymax></bndbox></object><object><name>name</name><pose>Unspecified</pose><truncated>0</truncated><difficult>0</difficult><bndbox><xmin>526.3628687925545</xmin><ymin>375.56392054370724</ymin><xmax>564.397077539729</xmax><ymax>470.5538790730826</ymax></bndbox></object></annotations>