<annotations><filename>left0499.jpg</filename><folder>images</folder><size><width>800</width><height>600</height><depth>3</depth></size><object><name /><pose>Unspecified</pose><truncated>0</truncated><difficult>0</difficult><bndbox><xmin>103.01727896847747</xmin><ymin>519.8645617704244</ymin><xmax>122.89445338911135</xmax><ymax>557.3253904862343</ymax></bndbox></object><object><name /><pose>Unspecified</pose><truncated>0</truncated><difficult>0</difficult><bndbox><xmin>185.5840034849566</xmin><ymin>521.393575187396</ymin><xmax>202.4031510716468</xmax><ymax>563.8236975083646</ymax></bndbox></object><object><name /><pose>Unspecified</pose><truncated>0</truncated><difficult>0</difficult><bndbox><xmin>267.19509461582834</xmin><ymin>526.553995469676</ymin><xmax>282.29410210842525</xmax><ymax>565.3527109253364</ymax></bndbox></object></annotations>