<annotations><filename>left0532.jpg</filename><folder>images</folder><size><width>800</width><height>600</height><depth>3</depth></size><object><name>name</name><pose>Unspecified</pose><truncated>0</truncated><difficult>0</difficult><bndbox><xmin>234.51243282805538</xmin><ymin>451.05895800669174</ymin><xmax>262.7991810420343</xmax><ymax>515.6597748737518</ymax></bndbox></object><object><name>name</name><pose>Unspecified</pose><truncated>0</truncated><difficult>0</difficult><bndbox><xmin>366.1987133647547</xmin><ymin>455.0726182262428</ymin><xmax>393.7209548702478</xmax><ymax>521.0113218331533</ymax></bndbox></object><object><name>name</name><pose>Unspecified</pose><truncated>0</truncated><difficult>0</difficult><bndbox><xmin>491.0044335250809</xmin><ymin>460.2330385085227</ymin><xmax>519.1000550619384</xmax><ymax>521.9669552187606</ymax></bndbox></object></annotations>