<annotations><filename>left0623.jpg</filename><folder>images</folder><size><width>800</width><height>600</height><depth>3</depth></size><object><name /><pose>Unspecified</pose><truncated>0</truncated><difficult>0</difficult><bndbox><xmin>27.007092198581574</xmin><ymin>205.8439716312057</ymin><xmax>85.10638297872343</xmax><ymax>343.3758865248228</ymax></bndbox></object><object><name /><pose>Unspecified</pose><truncated>0</truncated><difficult>0</difficult><bndbox><xmin>317.9574468085107</xmin><ymin>220.36879432624124</ymin><xmax>385.58865248226965</xmax><ymax>353.1347517730498</ymax></bndbox></object><object><name /><pose>Unspecified</pose><truncated>0</truncated><difficult>0</difficult><bndbox><xmin>609.1347517730499</xmin><ymin>236.70921985815608</ymin><xmax>667.0070921985819</xmax><ymax>369.0212765957448</ymax></bndbox></object></annotations>