<annotations><filename>left0574.jpg</filename><folder>images</folder><size><width>800</width><height>600</height><depth>3</depth></size><object><name /><pose>Unspecified</pose><truncated>0</truncated><difficult>0</difficult><bndbox><xmin>86.19813138178726</xmin><ymin>300.4511364349658</ymin><xmax>140.6692343614089</xmax><ymax>416.2739027705824</ymax></bndbox></object><object><name /><pose>Unspecified</pose><truncated>0</truncated><difficult>0</difficult><bndbox><xmin>328.5467579718233</xmin><ymin>311.91873706225465</ymin><xmax>373.46152709537097</xmax><ymax>427.74150339787127</ymax></bndbox></object><object><name /><pose>Unspecified</pose><truncated>0</truncated><difficult>0</difficult><bndbox><xmin>560.7656706744209</xmin><ymin>322.43070430393595</ymin><xmax>607.7828332463049</xmax><ymax>435.5776971598518</ymax></bndbox></object></annotations>