<annotations><filename>left0557.jpg</filename><folder>images</folder><size><width>800</width><height>600</height><depth>3</depth></size><object><name>name</name><pose>Unspecified</pose><truncated>0</truncated><difficult>0</difficult><bndbox><xmin>124.9968468374476</xmin><ymin>339.632105244869</ymin><xmax>163.60443561598646</xmax><ymax>445.3251576930473</ymax></bndbox></object><object><name>name</name><pose>Unspecified</pose><truncated>0</truncated><difficult>0</difficult><bndbox><xmin>332.9426715456173</xmin><ymin>349.1884391009431</ymin><xmax>373.46152709537097</xmax><ymax>454.49923819487833</ymax></bndbox></object><object><name>name</name><pose>Unspecified</pose><truncated>0</truncated><difficult>0</difficult><bndbox><xmin>537.4482160656003</xmin><ymin>358.55364627989553</ymin><xmax>581.0250984492977</xmax><ymax>458.8951517686723</ymax></bndbox></object></annotations>