<annotations><filename>left0478.jpg</filename><folder>images</folder><size><width>800</width><height>600</height><depth>3</depth></size><object><name /><pose>Unspecified</pose><truncated>0</truncated><difficult>0</difficult><bndbox><xmin>230.6898992856258</xmin><ymin>554.076236975169</ymin><xmax>246.7445401638301</xmax><ymax>582.745238543391</ymax></bndbox></object><object><name /><pose>Unspecified</pose><truncated>0</truncated><difficult>0</difficult><bndbox><xmin>291.65930928737777</xmin><ymin>555.7963770692623</ymin><xmax>305.99381007148867</xmax><ymax>585.4210120230917</ymax></bndbox></object><object><name /><pose>Unspecified</pose><truncated>0</truncated><difficult>0</difficult><bndbox><xmin>351.4819592264008</xmin><ymin>555.9875037463839</ymin><xmax>364.86082662490446</xmax><ymax>587.3322787943066</ymax></bndbox></object></annotations>