<annotations><filename>left0625.jpg</filename><folder>images</folder><size><width>800</width><height>600</height><depth>3</depth></size><object><name /><pose>Unspecified</pose><truncated>0</truncated><difficult>0</difficult><bndbox><xmin>15.20567375886526</xmin><ymin>197.90070921985827</ymin><xmax>81.47517730496456</xmax><ymax>347.00709219858174</ymax></bndbox></object><object><name /><pose>Unspecified</pose><truncated>0</truncated><difficult>0</difficult><bndbox><xmin>318.63829787234056</xmin><ymin>213.5602836879433</ymin><xmax>382.41134751773063</xmax><ymax>360.17021276595756</ymax></bndbox></object><object><name /><pose>Unspecified</pose><truncated>0</truncated><difficult>0</difficult><bndbox><xmin>602.7801418439719</xmin><ymin>229.21985815602847</ymin><xmax>668.3687943262414</xmax><ymax>371.06382978723417</ymax></bndbox></object></annotations>