<annotations><filename>left0626.jpg</filename><folder>images</folder><size><width>800</width><height>600</height><depth>3</depth></size><object><name /><pose>Unspecified</pose><truncated>0</truncated><difficult>0</difficult><bndbox><xmin>22.014184397163127</xmin><ymin>198.58156028368805</ymin><xmax>77.39007092198585</xmax><ymax>342.4680851063831</ymax></bndbox></object><object><name /><pose>Unspecified</pose><truncated>0</truncated><difficult>0</difficult><bndbox><xmin>320.0000000000001</xmin><ymin>213.33333333333343</ymin><xmax>382.41134751773063</xmax><ymax>362.21276595744695</ymax></bndbox></object><object><name /><pose>Unspecified</pose><truncated>0</truncated><difficult>0</difficult><bndbox><xmin>609.5886524822697</xmin><ymin>230.3546099290781</ymin><xmax>671.3191489361704</xmax><ymax>371.517730496454</ymax></bndbox></object></annotations>