<annotations><filename>left0573.jpg</filename><folder>images</folder><size><width>800</width><height>600</height><depth>3</depth></size><object><name /><pose>Unspecified</pose><truncated>0</truncated><difficult>0</difficult><bndbox><xmin>88.10939815300208</xmin><ymin>302.36240320618066</ymin><xmax>137.80233420458674</xmax><ymax>421.243196375741</ymax></bndbox></object><object><name /><pose>Unspecified</pose><truncated>0</truncated><difficult>0</difficult><bndbox><xmin>328.1645046175804</xmin><ymin>311.3453570308902</ymin><xmax>379.19532740901536</xmax><ymax>430.4172768775719</ymax></bndbox></object><object><name /><pose>Unspecified</pose><truncated>0</truncated><difficult>0</difficult><bndbox><xmin>561.9124307371496</xmin><ymin>324.91535110651523</ymin><xmax>611.414240111613</xmax><ymax>434.2398104200015</ymax></bndbox></object></annotations>