<annotations><filename>left0493.jpg</filename><folder>images</folder><size><width>800</width><height>600</height><depth>3</depth></size><object><name /><pose>Unspecified</pose><truncated>0</truncated><difficult>0</difficult><bndbox><xmin>202.59427774876826</xmin><ymin>530.1854023349842</ymin><xmax>219.41342533545844</xmax><ymax>567.4551043736728</ymax></bndbox></object><object><name /><pose>Unspecified</pose><truncated>0</truncated><difficult>0</difficult><bndbox><xmin>275.6046684091734</xmin><ymin>534.581315908778</ymin><xmax>290.70367590177034</xmax><ymax>569.7486244991304</ymax></bndbox></object><object><name /><pose>Unspecified</pose><truncated>0</truncated><difficult>0</difficult><bndbox><xmin>348.80618574670007</xmin><ymin>536.6837093571146</ymin><xmax>363.33181320793256</xmax><ymax>572.2332713017097</ymax></bndbox></object></annotations>