<annotations><filename>left0578.jpg</filename><folder>images</folder><size><width>800</width><height>600</height><depth>3</depth></size><object><name /><pose>Unspecified</pose><truncated>0</truncated><difficult>0</difficult><bndbox><xmin>87.15376476739468</xmin><ymin>297.0108562467792</ymin><xmax>136.46444746473637</xmax><ymax>420.6698163443765</ymax></bndbox></object><object><name /><pose>Unspecified</pose><truncated>0</truncated><difficult>0</difficult><bndbox><xmin>326.0621111692441</xmin><ymin>309.43409025967526</ymin><xmax>384.1646210141738</xmax><ymax>434.8131904513659</ymax></bndbox></object><object><name /><pose>Unspecified</pose><truncated>0</truncated><difficult>0</difficult><bndbox><xmin>555.605250392141</xmin><ymin>323.1952110124219</ymin><xmax>610.4586067260057</xmax><ymax>441.31149747349633</ymax></bndbox></object></annotations>