<annotations><filename>left0554.jpg</filename><folder>images</folder><size><width>800</width><height>600</height><depth>3</depth></size><object><name>name</name><pose>Unspecified</pose><truncated>0</truncated><difficult>0</difficult><bndbox><xmin>139.904727652923</xmin><ymin>353.77547935185856</ymin><xmax>179.46794981706927</xmax><ymax>450.86783132957015</ymax></bndbox></object><object><name>name</name><pose>Unspecified</pose><truncated>0</truncated><difficult>0</difficult><bndbox><xmin>337.91196515077576</xmin><ymin>362.5673064994467</ymin><xmax>377.28406063780056</xmax><ymax>458.321771737308</ymax></bndbox></object><object><name>name</name><pose>Unspecified</pose><truncated>0</truncated><difficult>0</difficult><bndbox><xmin>528.2741355637693</xmin><ymin>370.02124690718426</ymin><xmax>566.6905976651867</xmax><ymax>463.48219201958784</ymax></bndbox></object></annotations>