<annotations><filename>left0612.jpg</filename><folder>images</folder><size><width>800</width><height>600</height><depth>3</depth></size><object><name /><pose>Unspecified</pose><truncated>0</truncated><difficult>0</difficult><bndbox><xmin>34.042553191489375</xmin><ymin>214.46808510638306</ymin><xmax>95.09219858156031</xmax><ymax>358.80851063829806</ymax></bndbox></object><object><name /><pose>Unspecified</pose><truncated>0</truncated><difficult>0</difficult><bndbox><xmin>324.5390070921987</xmin><ymin>229.67375886524826</ymin><xmax>379.46099290780154</xmax><ymax>369.0212765957448</ymax></bndbox></object><object><name /><pose>Unspecified</pose><truncated>0</truncated><difficult>0</difficult><bndbox><xmin>596.8794326241136</xmin><ymin>246.46808510638309</ymin><xmax>659.744680851064</xmax><ymax>381.0496453900711</ymax></bndbox></object></annotations>