<annotations><filename>left0022.jpg</filename><folder>images</folder><size><width>800</width><height>600</height><depth>3</depth></size><object><name /><pose>Unspecified</pose><truncated>0</truncated><difficult>0</difficult><bndbox><xmin>104.0</xmin><ymin>250.56</ymin><xmax>159.68</xmax><ymax>385.28000000000003</ymax></bndbox></object><object><name /><pose>Unspecified</pose><truncated>0</truncated><difficult>0</difficult><bndbox><xmin>376.9599999999999</xmin><ymin>254.40000000000003</ymin><xmax>435.19999999999993</xmax><ymax>388.16</ymax></bndbox></object><object><name /><pose>Unspecified</pose><truncated>0</truncated><difficult>0</difficult><bndbox><xmin>652.48</xmin><ymin>258.88</ymin><xmax>709.44</xmax><ymax>394.24</ymax></bndbox></object></annotations>