<annotations><filename>left0517.jpg</filename><folder>images</folder><size><width>800</width><height>600</height><depth>3</depth></size><object><name /><pose>Unspecified</pose><truncated>0</truncated><difficult>0</difficult><bndbox><xmin>208.90145809377708</xmin><ymin>488.13753336825886</ymin><xmax>232.41003937971908</xmax><ymax>540.1239895453014</ymax></bndbox></object><object><name /><pose>Unspecified</pose><truncated>0</truncated><difficult>0</difficult><bndbox><xmin>312.10986373937607</xmin><ymin>489.475420108109</ymin><xmax>333.7071782541032</xmax><ymax>542.7997630250019</ymax></bndbox></object><object><name /><pose>Unspecified</pose><truncated>0</truncated><difficult>0</difficult><bndbox><xmin>417.6117895104328</xmin><ymin>494.06246035902456</ymin><xmax>435.0043171284874</xmax><ymax>545.4755365047025</ymax></bndbox></object></annotations>