<annotations><filename>left0032.jpg</filename><folder>images</folder><size><width>800</width><height>600</height><depth>3</depth></size><object><name /><pose>Unspecified</pose><truncated>0</truncated><difficult>0</difficult><bndbox><xmin>15.680000000000007</xmin><ymin>104.96000000000004</ymin><xmax>87.04000000000002</xmax><ymax>285.76000000000005</ymax></bndbox></object><object><name /><pose>Unspecified</pose><truncated>0</truncated><difficult>0</difficult><bndbox><xmin>380.79999999999995</xmin><ymin>110.72000000000003</ymin><xmax>461.12</xmax><ymax>293.12000000000006</ymax></bndbox></object><object><name /><pose>Unspecified</pose><truncated>0</truncated><difficult>0</difficult><bndbox><xmin>752.64</xmin><ymin>116.80000000000003</ymin><xmax>800.32</xmax><ymax>299.52000000000004</ymax></bndbox></object></annotations>