<annotations><filename>left0505.jpg</filename><folder>images</folder><size><width>800</width><height>600</height><depth>3</depth></size><object><name /><pose>Unspecified</pose><truncated>0</truncated><difficult>0</difficult><bndbox><xmin>153.66584840566952</xmin><ymin>508.2058344660141</ymin><xmax>172.58738944069603</xmax><ymax>554.4584903294121</ymax></bndbox></object><object><name /><pose>Unspecified</pose><truncated>0</truncated><difficult>0</difficult><bndbox><xmin>240.05510646457827</xmin><ymin>509.1614678516214</ymin><xmax>259.7411542080907</xmax><ymax>555.9875037463839</ymax></bndbox></object><object><name /><pose>Unspecified</pose><truncated>0</truncated><difficult>0</difficult><bndbox><xmin>326.0621111692441</xmin><ymin>513.7485081025369</ymin><xmax>347.8505523610927</xmax><ymax>557.5165171633558</ymax></bndbox></object></annotations>