<annotations><filename>left0972.jpg</filename><folder>images</folder><size><width>800</width><height>600</height><depth>3</depth></size><object><name /><pose>Unspecified</pose><truncated>0</truncated><difficult>0</difficult><bndbox><xmin>238.02726597540305</xmin><ymin>527.8349508588949</ymin><xmax>255.91997617400966</xmax><ymax>567.8224471360841</ymax></bndbox></object><object><name /><pose>Unspecified</pose><truncated>0</truncated><difficult>0</difficult><bndbox><xmin>315.29124183302247</xmin><ymin>529.4615608769502</ymin><xmax>331.69289284841193</xmax><ymax>569.0424046496253</ymax></bndbox></object><object><name /><pose>Unspecified</pose><truncated>0</truncated><difficult>0</difficult><bndbox><xmin>388.7597943151799</xmin><ymin>531.765925069195</ymin><xmax>408.14356369700374</xmax><ymax>571.617870511546</ymax></bndbox></object></annotations>