<annotations><filename>left0551.jpg</filename><folder>images</folder><size><width>800</width><height>600</height><depth>3</depth></size><object><name>name</name><pose>Unspecified</pose><truncated>0</truncated><difficult>0</difficult><bndbox><xmin>155.0037351455199</xmin><ymin>378.62194737765094</ymin><xmax>194.3758306325447</xmax><ymax>469.59824568747524</ymax></bndbox></object><object><name>name</name><pose>Unspecified</pose><truncated>0</truncated><difficult>0</difficult><bndbox><xmin>335.8095717024395</xmin><ymin>383.20898762856643</ymin><xmax>378.0485673462864</xmax><ymax>473.22965255278336</ymax></bndbox></object><object><name>name</name><pose>Unspecified</pose><truncated>0</truncated><difficult>0</difficult><bndbox><xmin>513.5573814254154</xmin><ymin>394.6765882558552</ymin><xmax>554.840743683655</xmax><ymax>481.2569729918855</ymax></bndbox></object></annotations>