<annotations><filename>left0515.jpg</filename><folder>images</folder><size><width>800</width><height>600</height><depth>3</depth></size><object><name /><pose>Unspecified</pose><truncated>0</truncated><difficult>0</difficult><bndbox><xmin>215.20863843878595</xmin><ymin>490.0488001394735</ymin><xmax>236.4236995992702</xmax><ymax>539.1683561596938</ymax></bndbox></object><object><name /><pose>Unspecified</pose><truncated>0</truncated><difficult>0</difficult><bndbox><xmin>315.1678905733197</xmin><ymin>497.1204871929682</ymin><xmax>338.6764718592617</xmax><ymax>544.7110297962166</ymax></bndbox></object><object><name /><pose>Unspecified</pose><truncated>0</truncated><difficult>0</difficult><bndbox><xmin>414.93601603073205</xmin><ymin>497.12048719296814</ymin><xmax>437.10671057682373</xmax><ymax>547.7690566301603</ymax></bndbox></object></annotations>