<annotations><filename>left0590.jpg</filename><folder>images</folder><size><width>800</width><height>600</height><depth>3</depth></size><object><name /><pose>Unspecified</pose><truncated>0</truncated><difficult>0</difficult><bndbox><xmin>66.51208363827487</xmin><ymin>263.75481442764175</ymin><xmax>120.79205994077506</xmax><ymax>380.9154675031087</ymax></bndbox></object><object><name /><pose>Unspecified</pose><truncated>0</truncated><difficult>0</difficult><bndbox><xmin>328.35563129470177</xmin><ymin>278.08931521175276</ymin><xmax>375.9461738979502</xmax><ymax>399.6458818610137</ymax></bndbox></object><object><name /><pose>Unspecified</pose><truncated>0</truncated><difficult>0</difficult><bndbox><xmin>576.2469315212608</xmin><ymin>290.32142254752745</ymin><xmax>619.0593071964721</xmax><ymax>410.73122913405956</ymax></bndbox></object></annotations>