<annotations><filename>left0458.jpg</filename><folder>images</folder><size><width>800</width><height>600</height><depth>3</depth></size><object><name /><pose>Unspecified</pose><truncated>0</truncated><difficult>0</difficult><bndbox><xmin>304.082543300274</xmin><ymin>571.6598912703453</ymin><xmax>314.78563721907676</xmax><ymax>594.4039658478014</ymax></bndbox></object><object><name /><pose>Unspecified</pose><truncated>0</truncated><difficult>0</difficult><bndbox><xmin>352.81984596625125</xmin><ymin>572.0421446245882</ymin><xmax>362.75843317656813</xmax><ymax>594.9773458791658</ymax></bndbox></object><object><name /><pose>Unspecified</pose><truncated>0</truncated><difficult>0</difficult><bndbox><xmin>401.17489527798557</xmin><ymin>575.4824248127748</ymin><xmax>412.4513692281529</xmax><ymax>595.5507259105302</ymax></bndbox></object></annotations>