<annotations><filename>left0581.jpg</filename><folder>images</folder><size><width>800</width><height>600</height><depth>3</depth></size><object><name /><pose>Unspecified</pose><truncated>0</truncated><difficult>0</difficult><bndbox><xmin>80.84658442238582</xmin><ymin>293.18832270434956</ymin><xmax>136.2733207876149</xmax><ymax>417.42066283331127</ymax></bndbox></object><object><name /><pose>Unspecified</pose><truncated>0</truncated><difficult>0</difficult><bndbox><xmin>323.3863376895433</xmin><ymin>312.49211709361896</ymin><xmax>380.91546750310863</xmax><ymax>431.56403694030075</ymax></bndbox></object><object><name /><pose>Unspecified</pose><truncated>0</truncated><difficult>0</difficult><bndbox><xmin>558.6632772260846</xmin><ymin>321.4750709183285</ymin><xmax>613.5166335599492</xmax><ymax>437.1067105768237</ymax></bndbox></object></annotations>