<annotations><filename>left0531.jpg</filename><folder>images</folder><size><width>800</width><height>600</height><depth>3</depth></size><object><name>name</name><pose>Unspecified</pose><truncated>0</truncated><difficult>0</difficult><bndbox><xmin>322.8129576581789</xmin><ymin>454.6903648719997</ymin><xmax>351.6730859035223</xmax><ymax>518.1444216763309</ymax></bndbox></object><object><name>name</name><pose>Unspecified</pose><truncated>0</truncated><difficult>0</difficult><bndbox><xmin>446.08966440153324</xmin><ymin>459.6596584771583</ymin><xmax>480.4924662833995</xmax><ymax>525.9806154383116</ymax></bndbox></object><object><name>name</name><pose>Unspecified</pose><truncated>0</truncated><difficult>0</difficult><bndbox><xmin>571.0865112389807</xmin><ymin>461.5709252483731</ymin><xmax>602.6224129640249</xmax><ymax>529.2297689493769</ymax></bndbox></object></annotations>