<annotations><filename>left0561.jpg</filename><folder>images</folder><size><width>800</width><height>600</height><depth>3</depth></size><object><name>name</name><pose>Unspecified</pose><truncated>0</truncated><difficult>0</difficult><bndbox><xmin>105.88417912529964</xmin><ymin>318.7992974386278</ymin><xmax>153.0924683743051</xmax><ymax>426.59474333514225</ymax></bndbox></object><object><name>name</name><pose>Unspecified</pose><truncated>0</truncated><difficult>0</difficult><bndbox><xmin>331.7959114828884</xmin><ymin>331.0314047744025</ymin><xmax>381.1065941802301</xmax><ymax>437.1067105768236</ymax></bndbox></object><object><name>name</name><pose>Unspecified</pose><truncated>0</truncated><difficult>0</difficult><bndbox><xmin>548.9158166928892</xmin><ymin>340.7788653075979</ymin><xmax>596.8886126503805</xmax><ymax>452.5879714236635</ymax></bndbox></object></annotations>