<annotations><filename>left0021.jpg</filename><folder>images</folder><size><width>800</width><height>600</height><depth>3</depth></size><object><name /><pose>Unspecified</pose><truncated>0</truncated><difficult>0</difficult><bndbox><xmin>108.48000000000002</xmin><ymin>259.2</ymin><xmax>162.56</xmax><ymax>389.44</ymax></bndbox></object><object><name /><pose>Unspecified</pose><truncated>0</truncated><difficult>0</difficult><bndbox><xmin>376.64</xmin><ymin>262.72</ymin><xmax>432.0</xmax><ymax>393.9200000000001</ymax></bndbox></object><object><name /><pose>Unspecified</pose><truncated>0</truncated><difficult>0</difficult><bndbox><xmin>647.04</xmin><ymin>267.84000000000003</ymin><xmax>702.4000000000001</xmax><ymax>399.67999999999995</ymax></bndbox></object></annotations>