<annotations><filename>left0529.jpg</filename><folder>images</folder><size><width>800</width><height>600</height><depth>3</depth></size><object><name /><pose>Unspecified</pose><truncated>0</truncated><difficult>0</difficult><bndbox><xmin>331.222531451524</xmin><ymin>460.4241651856442</ymin><xmax>361.99392646808224</xmax><ymax>523.8782219899755</ymax></bndbox></object><object><name /><pose>Unspecified</pose><truncated>0</truncated><difficult>0</difficult><bndbox><xmin>453.7347314863923</xmin><ymin>463.86444537383085</ymin><xmax>484.8883798571935</xmax><ymax>530.9499090434701</ymax></bndbox></object><object><name /><pose>Unspecified</pose><truncated>0</truncated><difficult>0</difficult><bndbox><xmin>574.3356647500459</xmin><ymin>468.83373897898923</ymin><xmax>606.636073183576</xmax><ymax>528.4652622408909</ymax></bndbox></object></annotations>