<annotations><filename>left0015.jpg</filename><folder>images</folder><size><width>800</width><height>600</height><depth>3</depth></size><object><name /><pose>Unspecified</pose><truncated>0</truncated><difficult>0</difficult><bndbox><xmin>124.15999999999998</xmin><ymin>280.0</ymin><xmax>175.36</xmax><ymax>402.55999999999995</ymax></bndbox></object><object><name /><pose>Unspecified</pose><truncated>0</truncated><difficult>0</difficult><bndbox><xmin>374.4</xmin><ymin>284.80000000000007</ymin><xmax>429.12</xmax><ymax>408.96000000000004</ymax></bndbox></object><object><name /><pose>Unspecified</pose><truncated>0</truncated><difficult>0</difficult><bndbox><xmin>630.72</xmin><ymin>288.32</ymin><xmax>684.48</xmax><ymax>414.40000000000003</ymax></bndbox></object></annotations>