<annotations><filename>left0547.jpg</filename><folder>images</folder><size><width>800</width><height>600</height><depth>3</depth></size><object><name>name</name><pose>Unspecified</pose><truncated>0</truncated><difficult>0</difficult><bndbox><xmin>168.19147586690198</xmin><ymin>395.24996828721964</ymin><xmax>200.49188430043202</xmax><ymax>480.87471963764244</ymax></bndbox></object><object><name>name</name><pose>Unspecified</pose><truncated>0</truncated><difficult>0</difficult><bndbox><xmin>339.24985189062613</xmin><ymin>401.74827530935</ymin><xmax>375.1816671894643</xmax><ymax>483.93274647158626</ymax></bndbox></object><object><name>name</name><pose>Unspecified</pose><truncated>0</truncated><difficult>0</difficult><bndbox><xmin>504.1921742464629</xmin><ymin>409.58446907133066</ymin><xmax>540.6973695766656</xmax><ymax>494.63584039038903</ymax></bndbox></object></annotations>