<annotations><filename>left0434.jpg</filename><folder>images</folder><size><width>800</width><height>600</height><depth>3</depth></size><object><name /><pose>Unspecified</pose><truncated>0</truncated><difficult>0</difficult><bndbox><xmin>205.27005122846901</xmin><ymin>583.127491897634</ymin><xmax>214.25300505317853</xmax><ymax>598.4176260673523</ymax></bndbox></object><object><name /><pose>Unspecified</pose><truncated>0</truncated><difficult>0</difficult><bndbox><xmin>282.29410210842525</xmin><ymin>585.4210120230916</ymin><xmax>290.1302958704059</xmax><ymax>598.0353727131094</ymax></bndbox></object></annotations>