<annotations><filename>left0454.jpg</filename><folder>images</folder><size><width>800</width><height>600</height><depth>3</depth></size><object><name /><pose>Unspecified</pose><truncated>0</truncated><difficult>0</difficult><bndbox><xmin>67.08546366963931</xmin><ymin>568.6018644364016</ymin><xmax>77.97968426556365</xmax><ymax>591.7281923681006</ymax></bndbox></object><object><name /><pose>Unspecified</pose><truncated>0</truncated><difficult>0</difficult><bndbox><xmin>113.14699285591587</xmin><ymin>569.7486244991304</ymin><xmax>124.61459348320466</xmax><ymax>592.683825753708</ymax></bndbox></object></annotations>