<annotations><filename>left0616.jpg</filename><folder>images</folder><size><width>800</width><height>600</height><depth>3</depth></size><object><name /><pose>Unspecified</pose><truncated>0</truncated><difficult>0</difficult><bndbox><xmin>27.91489361702129</xmin><ymin>212.6524822695036</ymin><xmax>88.7375886524823</xmax><ymax>352.9078014184398</ymax></bndbox></object><object><name /><pose>Unspecified</pose><truncated>0</truncated><difficult>0</difficult><bndbox><xmin>320.9078014184398</xmin><ymin>226.26950354609943</ymin><xmax>377.19148936170234</xmax><ymax>368.7943262411349</ymax></bndbox></object><object><name /><pose>Unspecified</pose><truncated>0</truncated><difficult>0</difficult><bndbox><xmin>599.8297872340428</xmin><ymin>238.75177304964546</ymin><xmax>661.1063829787237</xmax><ymax>380.59574468085117</ymax></bndbox></object></annotations>