<annotations><filename>left0596.jpg</filename><folder>images</folder><size><width>800</width><height>600</height><depth>3</depth></size><object><name /><pose>Unspecified</pose><truncated>0</truncated><difficult>0</difficult><bndbox><xmin>55.375886524822704</xmin><ymin>243.97163120567382</ymin><xmax>111.20567375886529</xmax><ymax>374.01418439716326</ymax></bndbox></object><object><name /><pose>Unspecified</pose><truncated>0</truncated><difficult>0</difficult><bndbox><xmin>324.08510638297884</xmin><ymin>257.13475177304974</ymin><xmax>379.0070921985817</xmax><ymax>386.7234042553192</ymax></bndbox></object><object><name /><pose>Unspecified</pose><truncated>0</truncated><difficult>0</difficult><bndbox><xmin>584.1702127659577</xmin><ymin>272.5673758865249</ymin><xmax>636.5957446808512</xmax><ymax>397.8439716312058</ymax></bndbox></object></annotations>