<annotations><filename>left0550.jpg</filename><folder>images</folder><size><width>800</width><height>600</height><depth>3</depth></size><object><name>name</name><pose>Unspecified</pose><truncated>0</truncated><difficult>0</difficult><bndbox><xmin>159.78190207355686</xmin><ymin>385.69363443114565</ymin><xmax>196.28709740375945</xmax><ymax>473.80303258414773</ymax></bndbox></object><object><name>name</name><pose>Unspecified</pose><truncated>0</truncated><difficult>0</difficult><bndbox><xmin>338.48534518214024</xmin><ymin>390.8540547134256</ymin><xmax>375.56392054370724</xmax><ymax>477.81669280369886</ymax></bndbox></object><object><name>name</name><pose>Unspecified</pose><truncated>0</truncated><difficult>0</difficult><bndbox><xmin>510.6904812685932</xmin><ymin>399.2636285067707</ymin><xmax>549.8714500784965</xmax><ymax>484.8883798571935</ymax></bndbox></object></annotations>