<annotations><filename>left0615.jpg</filename><folder>images</folder><size><width>800</width><height>600</height><depth>3</depth></size><object><name /><pose>Unspecified</pose><truncated>0</truncated><difficult>0</difficult><bndbox><xmin>27.00709219858157</xmin><ymin>212.6524822695037</ymin><xmax>86.46808510638301</xmax><ymax>356.3120567375888</ymax></bndbox></object><object><name /><pose>Unspecified</pose><truncated>0</truncated><difficult>0</difficult><bndbox><xmin>321.13475177304974</xmin><ymin>228.08510638297878</ymin><xmax>378.7801418439718</xmax><ymax>368.1134751773051</ymax></bndbox></object><object><name /><pose>Unspecified</pose><truncated>0</truncated><difficult>0</difficult><bndbox><xmin>599.6028368794329</xmin><ymin>243.97163120567387</ymin><xmax>660.4255319148939</xmax><ymax>377.1914893617023</ymax></bndbox></object></annotations>