<annotations><filename>left0023.jpg</filename><folder>images</folder><size><width>800</width><height>600</height><depth>3</depth></size><object><name /><pose>Unspecified</pose><truncated>0</truncated><difficult>0</difficult><bndbox><xmin>95.68</xmin><ymin>240.32000000000008</ymin><xmax>155.20000000000002</xmax><ymax>375.3600000000001</ymax></bndbox></object><object><name /><pose>Unspecified</pose><truncated>0</truncated><difficult>0</difficult><bndbox><xmin>378.24</xmin><ymin>245.76000000000002</ymin><xmax>434.88</xmax><ymax>380.80000000000007</ymax></bndbox></object><object><name /><pose>Unspecified</pose><truncated>0</truncated><difficult>0</difficult><bndbox><xmin>660.1600000000001</xmin><ymin>250.56000000000006</ymin><xmax>719.6800000000001</xmax><ymax>388.1600000000001</ymax></bndbox></object></annotations>