<annotations><filename>left0035.jpg</filename><folder>images</folder><size><width>800</width><height>600</height><depth>3</depth></size><object><name /><pose>Unspecified</pose><truncated>0</truncated><difficult>0</difficult><bndbox><xmin>-1.5999999999999943</xmin><ymin>55.68000000000002</ymin><xmax>70.4</xmax><ymax>255.04000000000002</ymax></bndbox></object><object><name /><pose>Unspecified</pose><truncated>0</truncated><difficult>0</difficult><bndbox><xmin>380.4800000000001</xmin><ymin>58.239999999999995</ymin><xmax>472.9600000000001</xmax><ymax>261.76</ymax></bndbox></object></annotations>