<annotations><filename>left0496.jpg</filename><folder>images</folder><size><width>800</width><height>600</height><depth>3</depth></size><object><name /><pose>Unspecified</pose><truncated>0</truncated><difficult>0</difficult><bndbox><xmin>155.0037351455199</xmin><ymin>526.7451221467977</ymin><xmax>171.6317560550886</xmax><ymax>561.5301773829069</ymax></bndbox></object><object><name /><pose>Unspecified</pose><truncated>0</truncated><difficult>0</difficult><bndbox><xmin>229.3520125457754</xmin><ymin>528.2741355637695</ymin><xmax>249.2291869664093</xmax><ymax>564.779330893972</ymax></bndbox></object><object><name /><pose>Unspecified</pose><truncated>0</truncated><difficult>0</difficult><bndbox><xmin>308.8607102283109</xmin><ymin>531.714415751956</ymin><xmax>325.4887311378796</xmax><ymax>569.1752444677659</ymax></bndbox></object></annotations>