<annotations><filename>left0533.jpg</filename><folder>images</folder><size><width>800</width><height>600</height><depth>3</depth></size><object><name>name</name><pose>Unspecified</pose><truncated>0</truncated><difficult>0</difficult><bndbox><xmin>163.79556229310796</xmin><ymin>443.7961442760755</ymin><xmax>194.9492106639091</xmax><ymax>512.4106213626867</ymax></bndbox></object><object><name>name</name><pose>Unspecified</pose><truncated>0</truncated><difficult>0</difficult><bndbox><xmin>296.0552228611718</xmin><ymin>451.05895800669174</ymin><xmax>324.34197107515075</xmax><ymax>516.6154082593591</ymax></bndbox></object><object><name>name</name><pose>Unspecified</pose><truncated>0</truncated><difficult>0</difficult><bndbox><xmin>421.62544972998387</xmin><ymin>456.4105049660931</ymin><xmax>449.91219794396284</xmax><ymax>520.0556884475458</ymax></bndbox></object></annotations>