<annotations><filename>left0602.jpg</filename><folder>images</folder><size><width>800</width><height>600</height><depth>3</depth></size><object><name /><pose>Unspecified</pose><truncated>0</truncated><difficult>0</difficult><bndbox><xmin>41.758865248226975</xmin><ymin>225.36170212765967</ymin><xmax>101.67375886524826</xmax><ymax>367.6595744680852</ymax></bndbox></object><object><name /><pose>Unspecified</pose><truncated>0</truncated><difficult>0</difficult><bndbox><xmin>321.5886524822696</xmin><ymin>238.52482269503557</ymin><xmax>379.6879432624115</xmax><ymax>376.51063829787245</ymax></bndbox></object><object><name /><pose>Unspecified</pose><truncated>0</truncated><difficult>0</difficult><bndbox><xmin>592.1134751773052</xmin><ymin>257.13475177304974</ymin><xmax>652.7092198581563</xmax><ymax>388.3120567375888</ymax></bndbox></object></annotations>