<annotations><filename>left0597.jpg</filename><folder>images</folder><size><width>800</width><height>600</height><depth>3</depth></size><object><name /><pose>Unspecified</pose><truncated>0</truncated><difficult>0</difficult><bndbox><xmin>49.92907801418441</xmin><ymin>240.11347517730513</ymin><xmax>108.02836879432628</xmax><ymax>375.8297872340427</ymax></bndbox></object><object><name /><pose>Unspecified</pose><truncated>0</truncated><difficult>0</difficult><bndbox><xmin>323.1773049645392</xmin><ymin>254.63829787234047</ymin><xmax>376.2836879432625</xmax><ymax>388.9929078014186</ymax></bndbox></object><object><name /><pose>Unspecified</pose><truncated>0</truncated><difficult>0</difficult><bndbox><xmin>584.3971631205675</xmin><ymin>268.0283687943264</ymin><xmax>640.2269503546102</xmax><ymax>398.29787234042567</ymax></bndbox></object></annotations>