<annotations><filename>left0027.jpg</filename><folder>images</folder><size><width>800</width><height>600</height><depth>3</depth></size><object><name /><pose>Unspecified</pose><truncated>0</truncated><difficult>0</difficult><bndbox><xmin>79.04000000000002</xmin><ymin>206.07999999999998</ymin><xmax>135.68</xmax><ymax>355.2</ymax></bndbox></object><object><name /><pose>Unspecified</pose><truncated>0</truncated><difficult>0</difficult><bndbox><xmin>380.4800000000001</xmin><ymin>211.83999999999997</ymin><xmax>442.88000000000005</xmax><ymax>358.40000000000003</ymax></bndbox></object><object><name /><pose>Unspecified</pose><truncated>0</truncated><difficult>0</difficult><bndbox><xmin>683.84</xmin><ymin>214.72000000000003</ymin><xmax>748.16</xmax><ymax>360.64</ymax></bndbox></object></annotations>